ID_PROPOSTA;UF_PROPONENTE;MUNIC_PROPONENTE;COD_MUNIC_IBGE;COD_ORGAO_SUP;DESC_ORGAO_SUP;NATUREZA_JURIDICA;NR_PROPOSTA;DIA_PROP;MES_PROP;ANO_PROP;DIA_PROPOSTA;COD_ORGAO;DESC_ORGAO;MODALIDADE;IDENTIF_PROPONENTE;NM_PROPONENTE;CEP_PROPONENTE;ENDERECO_PROPONENTE;BAIRRO_PROPONENTE;NM_BANCO;SITUACAO_CONTA;SITUACAO_PROJETO_BASICO;SIT_PROPOSTA;DIA_INIC_VIGENCIA_PROPOSTA;DIA_FIM_VIGENCIA_PROPOSTA;OBJETO_PROPOSTA;VL_GLOBAL_PROP;VL_REPASSE_PROP;VL_CONTRAPARTIDA_PROP
1176;RN;CEARA-MIRIM;2402600;54000;MINISTERIO DO TURISMO;Administração Pública Municipal;1/2008;1;7;2008;01/07/2008;54000;MINISTERIO DO TURISMO;CONTRATO DE REPASSE;8004061000139;MUNICIPIO DE CEARA-MIRIM;59570000;RUA GENERAL JOAO VARELA, 635 - CENTRO. CEARA-MIRIM - RN. CEP: 59570-000;CENTRO;NÃO INFORMADO;A Verificar;Não Cadastrado;Proposta/Plano de Trabalho Cadastrados;01/11/2008;01/11/2009;oooooo;150000;135000;15000
1180;PR;PARANAVAI;4118402;44000;MINISTÉRIO DA EDUCAÇÃO;Administração Pública Municipal;2/2008;14;7;2008;14/07/2008;44000;MINISTERIO DO MEIO AMBIENTE;CONVENIO;76977768000181;MUNICIPIO DE PARANAVAI;87702000;RUA GETULIO VARGAS, 900 - CENTRO. PARANAVAI - PR. CEP: 87702-000;CENTRO;NÃO INFORMADO;A Verificar;Não Cadastrado;Proposta/Plano de Trabalho Cadastrados;06/10/2008;16/02/2009;Implantação e Ampliação ou Melhoria de Sistema de Tratamento e Destinação Final de Resíduos Sólidos para Controle de Agravos.;160000;120000;40000
1181;PR;PARANAVAI;4118402;44000;MINISTERIO DO MEIO AMBIENTE;Administração Pública Municipal;3/2008;14;7;2008;14/07/2008;44000;MINISTERIO DO MEIO AMBIENTE;CONVENIO;76977768000181;MUNICIPIO DE PARANAVAI;87702000;RUA GETULIO VARGAS, 900 - CENTRO. PARANAVAI - PR. CEP: 87702-000;CENTRO;NÃO INFORMADO;A Verificar;Não Cadastrado;Proposta/Plano de Trabalho Cadastrados;06/10/2008;02/02/2009;CONSTRUÇÃO DE BARRACÃO PARA COLETA SELETIVA;160000;120000;40000
1182;PR;PARANAVAI;4118402;44000;MINISTERIO DO MEIO AMBIENTE;Administração Pública Municipal;4/2008;14;7;2008;14/07/2008;44000;MINISTERIO DO MEIO AMBIENTE;CONVENIO;76977768000181;MUNICIPIO DE PARANAVAI;87702000;RUA GETULIO VARGAS, 900 - CENTRO. PARANAVAI - PR. CEP: 87702-000;CENTRO;NÃO INFORMADO;A Verificar;Não Cadastrado;Proposta/Plano de Trabalho Cadastrados;05/08/2008;08/12/2008;Ampliação do Barracão de Coleta Seletiva de Lixo;160000;120000;40000
1188;MS;CAMPO GRANDE;5002704;44000;MINISTERIO DO MEIO AMBIENTE;Administração Pública Estadual ou do Distrito Federal;5/2008;21;7;2008;21/07/2008;44000;MINISTERIO DO MEIO AMBIENTE;CONVENIO;3227696000181;CORPO DE BOMBEIROS MILITAR DO ESTADO DE MATO GROSSO DO SUL;79080790;Rua: Fernando Augusto Correa da Costa 376 - Jd  América. CAMPO GRANDE - MS. CEP: 79080-790;Jd  América;BANCO DO BRASIL SA;Cadastrada;Não Cadastrado;Proposta/Plano de Trabalho Cadastrados;01/12/2008;31/12/2009;O presente projeto tem por objetivo estabelecer parceria com a união, através da celebração de convênios, no sentido de aparelhar o Corpo de Bombeiros Militar do Estado de Mato Grosso do Sul, com viatura de transporte e apoio logístico no combate aos incêndios florestais com equipamentos básicos, para que possa apoiar efetivamente às ações da Secretaria de Estado de Justiça e Segurança Pública e Órgãos Estaduais de Meio Ambiente, garantindo o pleno cumprimento das missões constitucionais do CBMMS bem como auxiliar na formação brigadas voluntárias de combate a incêndios florestais.;550000;495000;55000
1189;MS;CAMPO GRANDE;5002704;44000;MINISTERIO DA EDUCACAO;Administração Pública Estadual ou do Distrito Federal;6/2008;21;7;2008;21/07/2008;44000;MINISTERIO DO MEIO AMBIENTE;CONVENIO;3227696000181;CORPO DE BOMBEIROS MILITAR DO ESTADO DE MATO GROSSO DO SUL;79080790;Rua: Fernando Augusto Correa da Costa 376 - Jd  América. CAMPO GRANDE - MS. CEP: 79080-790;Jd  América;NÃO INFORMADO;A Verificar;Não Cadastrado;Proposta/Plano de Trabalho Cadastrados;01/12/2008;01/10/2009;O presente projeto tem por objetivo estabelecer parceria com a união, através da celebração de convênios, no sentido de aparelhar o Corpo de Bombeiros Militar do Estado de Mato Grosso do Sul, com viatura de transporte e apoio logístico no combate aos incêndios florestais, para que possa apoiar efetivamente às ações da Secretaria de Estado de Justiça e Segurança Pública e Órgãos Estaduais de Meio Ambiente, garantindo o pleno cumprimento das missões constitucionais do CBMMS bem como auxiliar brigadas voluntárias de combate a incêndios florestais.;550000;495000;55000
1190;MS;CAMPO GRANDE;5002704;44000;MINISTERIO DO MEIO AMBIENTE;Administração Pública Estadual ou do Distrito Federal;7/2008;21;7;2008;21/07/2008;44000;MINISTERIO DO MEIO AMBIENTE;CONVENIO;3227696000181;CORPO DE BOMBEIROS MILITAR DO ESTADO DE MATO GROSSO DO SUL;79080790;Rua: Fernando Augusto Correa da Costa 376 - Jd  América. CAMPO GRANDE - MS. CEP: 79080-790;Jd  América;NÃO INFORMADO;A Verificar;Não Cadastrado;Proposta/Plano de Trabalho Cadastrados;01/09/2008;29/12/2008;O presente projeto tem por objetivo estabelecer parceria com a união, através da celebração de convênios, no sentido de aparelhar o Corpo de Bombeiros Militar do Estado de Mato Grosso do Sul, com viatura de transporte e apoio logístico no combate aos incêndios florestais, para que possa apoiar efetivamente às ações da Secretaria de Estado de Justiça e Segurança Pública e Órgãos Estaduais de Meio Ambiente, garantindo o pleno cumprimento das missões constitucionais do CBMMS bem auxiliar na formação brigadas voluntárias de combate a incêndios florestais;550000;495000;55000
1193;PR;PARANAVAI;4118402;44000;MINISTERIO DO MEIO AMBIENTE;Administração Pública Municipal;8/2008;23;7;2008;23/07/2008;44000;MINISTERIO DO MEIO AMBIENTE;CONVENIO;76977768000181;MUNICIPIO DE PARANAVAI;87702000;RUA GETULIO VARGAS, 900 - CENTRO. PARANAVAI - PR. CEP: 87702-000;CENTRO;NÃO INFORMADO;A Verificar;Não Cadastrado;Proposta/Plano de Trabalho Cadastrados;05/08/2008;08/12/2008;Ampliação do Barracão de Coleta Seletiva de Lixo do Municipio de Paranavaí;160000;120000;40000
1194;PR;PARANAVAI;4118402;44000;MINISTERIO DO MEIO AMBIENTE;Administração Pública Municipal;9/2008;23;7;2008;23/07/2008;44000;MINISTERIO DO MEIO AMBIENTE;CONVENIO;76977768000181;MUNICIPIO DE PARANAVAI;87702000;RUA GETULIO VARGAS, 900 - CENTRO. PARANAVAI - PR. CEP: 87702-000;CENTRO;CAIXA ECONOMICA FEDERAL;Cadastrada;Não Cadastrado;Proposta/Plano de Trabalho Cadastrados;18/12/2008;28/12/2009;Recuperação e Manejo Sustentável da Microbacias do Ribeirão Paranavaí e Suruquá e Formação de Corredor de Biodiversidade.;250000;200000;50000
1195;RS;NOVA ALVORADA;4312757;54000;MINISTERIO DO TURISMO;Administração Pública Municipal;10/2008;23;7;2008;23/07/2008;54000;MINISTERIO DO TURISMO;CONVENIO;92402502000167;MUNICIPIO DE NOVA ALVORADA;95985000;AVENIDA VICENTE GUERRA, 1429 - CENTRO. NOVA ALVORADA - RS. CEP: 95985-000;CENTRO;CAIXA ECONOMICA FEDERAL;Cadastrada;Não Cadastrado;Proposta/Plano de Trabalho em Análise;17/11/2008;16/11/2009;PAVIMENTAR 10.500 METROS QUADRADOS COM ASFALTO NO CENTRO DA CIDADE.;339990;300000;39990
1196;RS;NOVA ALVORADA;4312757;54000;MINISTERIO DO TURISMO;Administração Pública Municipal;11/2008;23;7;2008;23/07/2008;54000;MINISTERIO DO TURISMO;CONVENIO;92402502000167;MUNICIPIO DE NOVA ALVORADA;95985000;AVENIDA VICENTE GUERRA, 1429 - CENTRO. NOVA ALVORADA - RS. CEP: 95985-000;CENTRO;CAIXA ECONOMICA FEDERAL;Cadastrada;Não Cadastrado;Proposta/Plano de Trabalho em Análise;15/12/2008;31/12/2009;PAVIMENTAR 7.000 METROS QUADRADOS COM ASFALTO NO CENTRO DA CIDADE.;336000;302000;34000
1203;MG;TAIOBEIRAS;3168002;44000;MINISTERIO DO MEIO AMBIENTE;Administração Pública Municipal;12/2008;24;7;2008;24/07/2008;44000;MINISTERIO DO MEIO AMBIENTE;CONVENIO;18017384000110;MUNICIPIO DE TAIOBEIRAS;39550000;PRACA DA MATRIZ, 145 - CENTRO. TAIOBEIRAS - MG. CEP: 39550-000;CENTRO;BANCO DO BRASIL SA;Cadastrada;Não Cadastrado;Proposta/Plano de Trabalho Rejeitados;01/09/2008;01/09/2009;Aquisição de uma prensa hidráulica vertical com acionamento manual e sistema de segurança com capacidade de 20 toneladas para prensa de papel, papelão, plásticos, latinhas e bagaço e construção do galpão para estocagem do material reciclável com cantina e banheiros.;101000;90000;11000
1204;RS;PORTO ALEGRE;4314902;54000;MINISTERIO DO TURISMO;Organização da Sociedade Civil;13/2008;30;7;2008;30/07/2008;54000;MINISTERIO DO TURISMO;CONTRATO DE REPASSE;5317514000199;INSTITUTO MARCA BRASIL;90570080;RUA PADRE CHAGAS 147 SALA 501 - MOINHOS DE VENTO. PORTO ALEGRE - RS. CEP: 90570-080;MOINHOS DE VENTO;BANCO DO BRASIL SA;Cadastrada;Não Cadastrado;Proposta/Plano de Trabalho Cadastrados;31/07/2008;30/10/2008;n9no;50000;45000;5000
1205;RS;SEBERI;4320206;44000;MINISTERIO DO MEIO AMBIENTE;Administração Pública Municipal;14/2008;30;7;2008;30/07/2008;44000;MINISTERIO DO MEIO AMBIENTE;CONVENIO;87613196000178;MUNICIPIO DE SEBERI;98380000;RUA FLORES DA CUNHA, 831 - CENTRO. SEBERI - RS. CEP: 98380-000;CENTRO;BANCO DO BRASIL SA;Cadastrada;Não Cadastrado;Proposta/Plano de Trabalho em Análise;30/07/2008;30/07/2009;Aquisição de uma máquina carregadeira, para auxiliar os trabalhos desenvolvidos na Usina de Reciclagem de Lixo-CIGRES;370800;360000;10800
1206;PR;PATO BRANCO;4118501;44000;MINISTERIO DO MEIO AMBIENTE;Administração Pública Municipal;15/2008;31;7;2008;31/07/2008;44000;MINISTERIO DO MEIO AMBIENTE;CONVENIO;76995448000154;MUNICIPIO DE PATO BRANCO;85501064;RUA CARAMURU, 271 - CENTRO. PATO BRANCO - PR. CEP: 85501-064;CENTRO;CAIXA ECONOMICA FEDERAL;Cadastrada;Não Cadastrado;Proposta/Plano de Trabalho em Análise;06/10/2008;30/09/2009;Implantação e melhoria do Sistema de coleta, transporte, tratamento e disposição final adequada de resíduos sólidos urbanos, visando reduzir os impactos ambientais negativos resultantes dos diversos tipos de resíduos gerados no município de Pato Branco.;2872500;1997500;875000
1207;RS;SANANDUVA;4316600;36000;MINISTERIO DA SAUDE;Organização da Sociedade Civil;16/2008;4;8;2008;04/08/2008;36212;AGENCIA NACIONAL DE VIGILANCIA SANITARIA;CONVENIO;8902543000106;ASSOCIACAO CULTURAL VIDA E ARTE SANANDUVA;99840000;RUA 14 DE JULHO 89 - CENTRO. SANANDUVA - RS. CEP: 99840-000;CENTRO;BANCO DO BRASIL SA;Cadastrada;Não Cadastrado;Proposta/Plano de Trabalho Cadastrados;28/11/2008;06/10/2009;Confeccionar 10 milheiros de folderes  disponibilizar 5 palestras em pontos estratégicos do Municipio  Divulgar o programa em rádio, jornal e TV regional;30000;24000;6000
1208;RS;SANANDUVA;4316600;36000;MINISTERIO DA SAUDE;Organização da Sociedade Civil;17/2008;4;8;2008;04/08/2008;36212;AGENCIA NACIONAL DE VIGILANCIA SANITARIA;CONVENIO;8902543000106;ASSOCIACAO CULTURAL VIDA E ARTE SANANDUVA;99840000;RUA 14 DE JULHO 89 - CENTRO. SANANDUVA - RS. CEP: 99840-000;CENTRO;BANCO DO BRASIL SA;Cadastrada;Não Cadastrado;Proposta/Plano de Trabalho Cadastrados;10/09/2008;19/08/2009;confecção de 10 milheiros de folderes  contratação de 5 palestras em pontos estratégicos do Municipio  Divulgação no jornal, rádio e TV local da Iniciativa  gravação de vinhetas explicativas para a rádio regional;35000;28000;7000
1209;RS;SANANDUVA;4316600;54000;MINISTERIO DO TURISMO;Administração Pública Municipal;18/2008;4;8;2008;04/08/2008;54000;MINISTERIO DO TURISMO;CONVENIO;87613543000162;MUNICIPIO DE SANANDUVA;99840000;AVENIDA FIORENTINO BACCHI, 673 - CENTRO. SANANDUVA - RS. CEP: 99840-000;CENTRO;CAIXA ECONOMICA FEDERAL;Cadastrada;Não Cadastrado;Proposta/Plano de Trabalho Cadastrados;18/09/2008;27/08/2009;Empreitada global para reforma e recuperação das Igrejas em estilo Gótico do Interior do Municipio de Sananduva;112000;100000;12000
1210;SP;BANANAL;3504909;44000;MINISTERIO DO MEIO AMBIENTE;Administração Pública Municipal;19/2008;7;8;2008;07/08/2008;44000;MINISTERIO DO MEIO AMBIENTE;CONVENIO;45196698000109;MUNICIPIO DE BANANAL;12850000;AVENIDA BOM JESUS, 93 - CENTRO. BANANAL - SP. CEP: 12850-000;CENTRO;CAIXA ECONOMICA FEDERAL;Cadastrada;Não Cadastrado;Proposta/Plano de Trabalho Cadastrados;06/10/2008;31/12/2009;Readequação do aterro em situação inadequada.;100000;90000;10000
1211;BA;BOM JESUS DA LAPA;2903904;54000;MINISTERIO DO TURISMO;Organização da Sociedade Civil;20/2008;7;8;2008;07/08/2008;54000;MINISTERIO DO TURISMO;CONVENIO;16237075000120;ESCOLA BATISTA DE BOM JESUS DA LAPA;47600000;Rua Guanabara, Nº 372 - Centro. BOM JESUS DA LAPA - BA. CEP: 47600-000;Centro;BANCO DO BRASIL SA;Cadastrada;Não Cadastrado;Proposta/Plano de Trabalho Cadastrados;28/08/2008;28/08/2009;Determina este convenio o escopo de proteger a criança e o adolescente da vulnerabilidade das ações contra a sua honra, moral e integridade, pois, é a grande fatia da sociedade Lapense que necessita com extrema urgencia de uma intervenção politica, informativa e defensiva, para que estes, não se sinta a margem da socie  dade, e, que não vivam em devantagem pessoasl devido a falta de oportunidade. Com esta ideia firmará o conceito de dar a ideia de criar uma margem de defesa para quem vive em falta de proteção e informação.;100000;90000;10000
1212;DF;BRASILIA;5300108;54000;MINISTERIO DO TURISMO;Organização da Sociedade Civil;21/2008;11;8;2008;11/08/2008;54000;MINISTERIO DO TURISMO;CONVENIO;9943947000100;INSTITUTO FORUM NACIONAL DOS SECRETARIOS E DIRIGENTES ESTADUAIS DE TURISMO - INFORUM;70711905;St. SCN Q. 1 Bloco F Conjunto 141 - Edifcío  American Office Tower - Brasília - DF - Asa Norte. BRASILIA - DF. CEP: 70711-905;Asa Norte;BANCO DO BRASIL SA;Cadastrada;Não Cadastrado;Proposta/Plano de Trabalho Cadastrados;01/09/2008;31/08/2011;APOIO ÀS AÇÕES DO FÓRUM NACIONAL DOS SECRETÁRIOS E DIRIGENTES ESTADUAIS DE TURISMO E GESTÃO DO FUNDO FORNATUR PARA O PERIODO DE SETEMBRO DE 2008 À AGOSTO DE 2011.;1594800;1435320;159480
1213;MA;SERRANO DO MARANHAO;2111789;54000;MINISTERIO DO TURISMO;Administração Pública Municipal;22/2008;20;8;2008;20/08/2008;54000;MINISTERIO DO TURISMO;CONTRATO DE REPASSE;1612626000111;MUNICIPIO DE SERRANO DO MARANHAO;65269000;AVENIDA DAS PALMEIRAS, S/N - CENTRO. SERRANO DO MARANHAO - MA. CEP: 65269-000;CENTRO;BANCO DO BRASIL SA;Cadastrada;Não Cadastrado;Proposta/Plano de Trabalho Cadastrados;20/08/2008;19/12/2008;"gerar fluxo turistico utilizando-se de placas sinalizadores e demais meios de divulgaçao do potencial do municipio;  gerar emprego e renda;  melhorar a qualidade de vida das pessoas envolvidas com o programa.";148500;133650;14850
1214;MA;SERRANO DO MARANHAO;2111789;53000;MINISTERIO DA INTEGRACAO NACIONAL;Administração Pública Municipal;23/2008;20;8;2008;20/08/2008;22203;COMPANHIA DE DESENV. DO VALE DO SAO FRANCISCO;CONVENIO;1612626000111;MUNICIPIO DE SERRANO DO MARANHAO;65269000;AVENIDA DAS PALMEIRAS, S/N - CENTRO. SERRANO DO MARANHAO - MA. CEP: 65269-000;CENTRO;BANCO DO BRASIL SA;Cadastrada;Não Cadastrado;Proposta/Plano de Trabalho Cadastrados;20/08/2008;20/07/2009;Manter um nivel elevado de agua nos campos.  Incentivar a pesca lacruste e o aumento da quantidade de especies de peixes.  Melhorar o acesso dos moradores aos centros mais desenvolvidos, incluindo escolas.;1340000;1273000;67000
1215;SP;BANANAL;3504909;54000;MINISTERIO DO TURISMO;Administração Pública Municipal;24/2008;21;8;2008;21/08/2008;54000;MINISTERIO DO TURISMO;CONTRATO DE REPASSE;45196698000109;MUNICIPIO DE BANANAL;12850000;AVENIDA BOM JESUS, 93 - CENTRO. BANANAL - SP. CEP: 12850-000;CENTRO;CAIXA ECONOMICA FEDERAL;Cadastrada;Não Cadastrado;Proposta/Plano de Trabalho Cadastrados;21/08/2008;30/11/2009;O objetivo do presente convênio é a promoção da Festa do Padroeiro da Cidade de Bananal-SP, que se realizará no período de 01 a 06 de agosto de 2009, e que se caracteriza como a maior celebração religiosa do referido município. Essa comemoração, realizada há 197 anos, promoverá a manutenção de suas tradições religiosas e o conseqüente desenvolvimento do turismo no município.   Para a realização e divulgação do evento serão necessários os seguintes serviços: inserção em rádio, anúncios na imprensa escrita, confecção de cartazes, locação de equipamentos adequados, contratação de shows artísticos, decoração do espaço, além de adequação da infra-estrutura existente para a realização do mesmo.  Deverá ser instalada no período do evento faixa e placa indicando a origem e a destinação dos recursos, conforme modelo fornecido pelo Manual de Orientação para Cooperação Técnica e Financeira de Programas e Projetos mediante a celebração de Convênios e Instrumentos Congêneres do Ministério do Turismo.;100000;90000;10000
1217;MA;SERRANO DO MARANHAO;2111789;54000;MINISTERIO DO TURISMO;Administração Pública Municipal;26/2008;24;8;2008;24/08/2008;54000;MINISTERIO DO TURISMO;CONVENIO;1612626000111;MUNICIPIO DE SERRANO DO MARANHAO;65269000;AVENIDA DAS PALMEIRAS, S/N - CENTRO. SERRANO DO MARANHAO - MA. CEP: 65269-000;CENTRO;BANCO DO BRASIL SA;Cadastrada;Não Cadastrado;Proposta/Plano de Trabalho Cadastrados;25/08/2008;23/12/2008;Criar uma infra estrutura adequada paraa adesenvolvimento do turismo em nossa região, em consonancia com as diretrizes de uma politica social e ambientalmente sustentavel.  Gerar empregos e renda.  Agregar novos produtos aos serviços.;300000;270000;30000
1219;SP;ITAPIRAPUA PAULISTA;3522653;54000;MINISTERIO DO TURISMO;Administração Pública Municipal;28/2008;25;8;2008;25/08/2008;54000;MINISTERIO DO TURISMO;CONVENIO;67360438000151;MUNICIPIO DE ITAPIRAPUA PAULISTA;18385000;AVENIDA URIEL DE OLIVEIRA CESAR, 47 - CENTRO. ITAPIRAPUA PAULISTA - SP. CEP: 18385-000;CENTRO;BANCO DO BRASIL SA;Cadastrada;Não Cadastrado;Proposta/Plano de Trabalho Cadastrados;01/10/2008;31/01/2009;CONFECÇÃO DE PLACAS DE SINALIZAÇÃO TURISTICA;100000;90000;10000
1220;SP;ITAPIRAPUA PAULISTA;3522653;54000;MINISTERIO DO TURISMO;Administração Pública Municipal;29/2008;25;8;2008;25/08/2008;54000;MINISTERIO DO TURISMO;CONVENIO;67360438000151;MUNICIPIO DE ITAPIRAPUA PAULISTA;18385000;AVENIDA URIEL DE OLIVEIRA CESAR, 47 - CENTRO. ITAPIRAPUA PAULISTA - SP. CEP: 18385-000;CENTRO;BANCO DO BRASIL SA;Cadastrada;Não Cadastrado;Proposta/Plano de Trabalho Cadastrados;01/10/2008;31/12/2008;CONFECÇÃO DE PLACAS DE SINALIZAÇÃO NO MUNICÍPIO.;100000;90000;10000
1221;RS;BOSSOROCA;4302501;44000;MINISTERIO DO MEIO AMBIENTE;Administração Pública Municipal;30/2008;25;8;2008;25/08/2008;44000;MINISTERIO DO MEIO AMBIENTE;CONVENIO;87613014000169;MUNICIPIO DE BOSSOROCA;97850000;RUA JOAO GONCALVES, 296 - CENTRO. BOSSOROCA - RS. CEP: 97850-000;CENTRO;BANCO DO BRASIL SA;Cadastrada;Não Cadastrado;Proposta/Plano de Trabalho Cadastrados;03/11/2008;31/12/2009;Implantação/Construçao nova de usina de reciclagem de resíduos sólidos urbanos.;194100;188277;5823
1222;RS;BOSSOROCA;4302501;54000;MINISTERIO DO TURISMO;Administração Pública Municipal;31/2008;26;8;2008;26/08/2008;54000;MINISTERIO DO TURISMO;CONTRATO DE REPASSE;87613014000169;MUNICIPIO DE BOSSOROCA;97850000;RUA JOAO GONCALVES, 296 - CENTRO. BOSSOROCA - RS. CEP: 97850-000;CENTRO;BANCO DO BRASIL SA;Cadastrada;Não Cadastrado;Proposta/Plano de Trabalho em Análise;03/11/2008;31/07/2009;Construção do Pórtico de Entrada da Cidade de Bossoroca.;115000;103500;11500
1223;RS;SANTO EXPEDITO DO SUL;4317954;54000;MINISTERIO DO TURISMO;Administração Pública Municipal;32/2008;26;8;2008;26/08/2008;54000;MINISTERIO DO TURISMO;CONVENIO;90484296000156;SANTO EXPEDITO DO SUL PREFEITURA MUNICIPAL;99895000;AV JOSÉ PILONETO 741 - CENTRO. SANTO EXPEDITO DO SUL - RS. CEP: 99895-000;CENTRO;CAIXA ECONOMICA FEDERAL;Cadastrada;Não Cadastrado;Proposta/Plano de Trabalho Cadastrados;30/09/2008;30/09/2009;Viabilizar a vinda do Padre Marcelo Rossi à IX ROMARIA DE SANTO EXPEDITO DO SUL,a ser realizada no próximo ano/2009, incluindo transporte, alimentação, diária, além de outras atividades que visem auxiliar seus trabalhos para realização dessa importante e tão esperada participação, etc.;200000;180000;20000
1224;RS;SANTO EXPEDITO DO SUL;4317954;54000;MINISTERIO DO TURISMO;Administração Pública Municipal;33/2008;26;8;2008;26/08/2008;54000;MINISTERIO DO TURISMO;CONVENIO;90484296000156;SANTO EXPEDITO DO SUL PREFEITURA MUNICIPAL;99895000;AV JOSÉ PILONETO 741 - CENTRO. SANTO EXPEDITO DO SUL - RS. CEP: 99895-000;CENTRO;CAIXA ECONOMICA FEDERAL;Cadastrada;Não Cadastrado;Proposta/Plano de Trabalho Cadastrados;30/09/2008;30/09/2009;Viabilizar a vinda do Padre Marcelo Rossi à IX ROMARIA DE SANTO EXPEDITO DO SUL,a ser realizada no próximo ano/2009, incluindo estrutura física para recebimento, transporte, alimentação, diária, além de outras atividades que visem auxiliar a realização do evento.;200000;180000;20000
1225;RS;MORRO REUTER;4312476;54000;MINISTERIO DO TURISMO;Administração Pública Municipal;34/2008;26;8;2008;26/08/2008;54000;MINISTERIO DO TURISMO;CONTRATO DE REPASSE;94707627000120;MUNICIPIO DE MORRO REUTER;93990000;TRAVESSA 1 DE MAIO, 16, EDIF  PREDIO - CENTRO. MORRO REUTER - RS. CEP: 93990-000;CENTRO;BANCO DO BRASIL SA;Cadastrada;Não Cadastrado;Proposta/Plano de Trabalho Cadastrados;01/09/2008;31/12/2008;EMBELEZAMENTO DO ENTORNO DO MIRANTE CONSTRUIDO NO MORRO DA EMBRATEL, MORRO REUTER/RS;120000;108000;12000
1228;RS;SANANDUVA;4316600;54000;MINISTERIO DO TURISMO;Administração Pública Municipal;35/2008;27;8;2008;27/08/2008;54000;MINISTERIO DO TURISMO;CONTRATO DE REPASSE;87613543000162;MUNICIPIO DE SANANDUVA;99840000;AVENIDA FIORENTINO BACCHI, 673 - CENTRO. SANANDUVA - RS. CEP: 99840-000;CENTRO;BANCO DO BRASIL SA;Cadastrada;Não Cadastrado;Proposta/Plano de Trabalho em Análise;01/09/2008;01/09/2009;Implantar 40(quarenta) pontos de sinalização turistica, indicando a localizaçao de todas as comunidades do interior, dos pontos turísticos bem como das saídas para os demais municipios da Rota das Araucárias. A sinalizaçao será um conjunto composto de Placa e Tubo com a árvore sananduva que é o símbolo do Municipio e sua história afixada no próprio Tubo, ampliando o fluxo de visitantes, o aumento do volume de negócios, proporcionando melhoria na qualidade de vida da população local e em especial divulgar ainda mais a Rota da Araucárias.;120000;108000;12000
1229;RS;SANANDUVA;4316600;54000;MINISTERIO DO TURISMO;Administração Pública Municipal;36/2008;27;8;2008;27/08/2008;54000;MINISTERIO DO TURISMO;CONVENIO;87613543000162;MUNICIPIO DE SANANDUVA;99840000;AVENIDA FIORENTINO BACCHI, 673 - CENTRO. SANANDUVA - RS. CEP: 99840-000;CENTRO;CAIXA ECONOMICA FEDERAL;Cadastrada;Não Cadastrado;Proposta/Plano de Trabalho Cadastrados;26/09/2008;29/01/2009;Reforma da Igreja;120000;108000;12000
1230;SP;ITAPIRAPUA PAULISTA;3522653;54000;MINISTERIO DO TURISMO;Administração Pública Municipal;37/2008;28;8;2008;28/08/2008;54000;MINISTERIO DO TURISMO;CONVENIO;67360438000151;MUNICIPIO DE ITAPIRAPUA PAULISTA;18385000;AVENIDA URIEL DE OLIVEIRA CESAR, 47 - CENTRO. ITAPIRAPUA PAULISTA - SP. CEP: 18385-000;CENTRO;BANCO DO BRASIL SA;Cadastrada;Não Cadastrado;Proposta/Plano de Trabalho Cadastrados;06/10/2008;31/12/2008;confecção de placas de sinalização Turistica.;111120;100008;11112
1232;MT;SINOP;5107909;44000;MINISTERIO DO MEIO AMBIENTE;Organização da Sociedade Civil;39/2008;28;8;2008;28/08/2008;44000;MINISTERIO DO MEIO AMBIENTE;CONVENIO;9296866000166;COOPERATIVA AGROPECUARIA MISTA DE PRODUTORES RURAIS DE SINOP LTDA;78550000;Avenida das Embaúbas, 1367 - Centro. SINOP - MT. CEP: 78550-000;Centro;BANCO DO BRASIL SA;Cadastrada;Não Cadastrado;Proposta/Plano de Trabalho Cadastrados;30/09/2008;30/04/2009;"O objeto do convênio, é formação de Arranjo Produtivo Local, da produção pesqueira com sistemas sustentáveis, integrando o aproveitamento de resíduos e couro do peixe, além de parte processada comestível voltadas para a exportação. O projeto comtempla os seguintes empreendimentos:    - Curtume para até 5.000 peles de peixe por mês, que poedm ser utilizadas em peças de artesanatos e outros artefatos de couro (com infra-estrutura compatível);    - Indústria de Ração, utilizando-se como parte de sua matéria-prima as vísceras e resíduos dos peixes;    - Reflorestamento de mananciais, para preservar meio ambiente e favorecer o ciclo de vida e reprodução dos peixes.";200000;180000;20000
1239;RS;ESTRELA;4307807;54000;MINISTERIO DO TURISMO;Administração Pública Municipal;40/2008;29;8;2008;29/08/2008;54000;MINISTERIO DO TURISMO;CONTRATO DE REPASSE;87246120000151;MUNICIPIO DE ESTRELA;95880000;RUA JULIO DE CASTILHOS, 380 - CENTRO. ESTRELA - RS. CEP: 95880-000;CENTRO;BANCO DO BRASIL SA;Cadastrada;Não Cadastrado;Proposta/Plano de Trabalho Rejeitados;29/12/2008;28/12/2009;"O presente Projeto tem como objeto a aquisição de 04 Outdoors com iluminação no tamanho de 9mx3m, colocados em pontos estratégicos da BR 386 (divisa entre Estrela e Bom Retiro do Sul, e entre Estrela e Lajeado), outro outdoor na RST  453  Rota do Sol e o último outdoor no trevo principal de acesso ao Município de Estrela. Aquisição de 12 placas de localização e indicação do roteiro e de seus empreendedores na zona rural;  20 placas com mapa e localização dos atrativos turísticos na zona urbana e 30 placas de sinalização interna de orientação do turista, todos eles no município de Estrela/RS.";180212;162190,8;18021,2
1244;PR;SANTA TEREZINHA DE ITAIPU;4124053;44000;MINISTERIO DO MEIO AMBIENTE;Administração Pública Municipal;41/2008;1;9;2008;01/09/2008;44000;MINISTERIO DO MEIO AMBIENTE;CONVENIO;75425314000135;MUNICIPIO DE SANTA TEREZINHA DE ITAIPU;85875000;RUA JOAO XXIII, 144 - CENTRO. SANTA TEREZINHA DE ITAIPU - PR. CEP: 85875-000;CENTRO;BANCO DO BRASIL SA;Cadastrada;Não Cadastrado;Proposta/Plano de Trabalho Cadastrados;03/11/2008;30/01/2009;Aquisição de veículo(Caminhão Furgão) máquinas(empilhadeira, esteira para separação de materiais, carregador de fardos para empilhadeira, triturador de papéis industrial) e equipamentos(computadores, projetor de multimídia, mesas e cadeiras para escritório) para suprir e organizar a coleta seletiva, auxiliar no transporte das cargas, diminuindo custos.;209113;202800;6313
1257;RS;PORTO ALEGRE;4314902;22000;MINISTÉRIO DA AGRICULTURA,PECUARIA E ABASTECIMENTO;Administração Pública Estadual ou do Distrito Federal;42/2008;2;9;2008;02/09/2008;22000;MINISTÉRIO DA AGRICULTURA,PECUARIA E ABASTECIMENTO;CONVENIO;93021632000112;SECRETARIA DA AGRICULTURA, PECUARIA E AGRONEGOCIO;90150004;AVENIDA GETULIO VARGAS, 1384 - MENINO DEUS. PORTO ALEGRE - RS. CEP: 90150-004;MENINO DEUS;BANCO DO BRASIL SA;Cadastrada;Não Cadastrado;Proposta/Plano de Trabalho Cadastrados;01/02/2009;31/01/2010;Planejar investimentos visando a manutenção e incremento do Sistema de Vigilância, através de programas sanitários nacionais, promovendo a sanidade animal e vegetal, mantendo a viabilidade das cadeias produtivas.;18322039,2;14657631,36;3664407,84
1264;SP;SAO SIMAO;3550902;54000;MINISTERIO DO TURISMO;Administração Pública Municipal;43/2008;2;9;2008;02/09/2008;54000;MINISTERIO DO TURISMO;CONVENIO;45369220000125;MUNICIPIO DE SAO SIMAO;14200000;Rua Rodolfo Miranda, 167 - Centro. SAO SIMAO - SP. CEP: 14200-000;Centro;BANCO DO BRASIL SA;Cadastrada;Não Cadastrado;Proposta/Plano de Trabalho Cadastrados;01/10/2008;01/03/2009;Implantar serviço permanente de informações turísticas do munícipio, amparado por material de divulgação.;150000;135000;15000
1271;RS;PORTO ALEGRE;4314902;22000;MINISTÉRIO DA AGRICULTURA,PECUARIA E ABASTECIMENTO;Administração Pública Estadual ou do Distrito Federal;44/2008;2;9;2008;02/09/2008;22000;MINISTÉRIO DA AGRICULTURA,PECUARIA E ABASTECIMENTO;CONVENIO;93021632000112;SECRETARIA DA AGRICULTURA, PECUARIA E AGRONEGOCIO;90150004;AVENIDA GETULIO VARGAS, 1384 - MENINO DEUS. PORTO ALEGRE - RS. CEP: 90150-004;MENINO DEUS;BANCO DO BRASIL SA;Cadastrada;Não Cadastrado;Proposta/Plano de Trabalho Cadastrados;01/02/2009;31/01/2010;Planejar investimentos visando a manutenção e incremento do Sistema de Vigilância, através de programas sanitários nacionais, promovendo a saude animal e mantendo a viabilidade das cadeias produtivas.;18322039,2;14657631,36;3664407,84
1282;PR;SANTA TEREZINHA DE ITAIPU;4124053;44000;MINISTERIO DO MEIO AMBIENTE;Administração Pública Municipal;45/2008;3;9;2008;03/09/2008;44000;MINISTERIO DO MEIO AMBIENTE;CONVENIO;75425314000135;MUNICIPIO DE SANTA TEREZINHA DE ITAIPU;85875000;RUA JOAO XXIII, 144 - CENTRO. SANTA TEREZINHA DE ITAIPU - PR. CEP: 85875-000;CENTRO;BANCO DO BRASIL SA;Cadastrada;Não Cadastrado;Proposta/Plano de Trabalho Rejeitados;03/11/2008;05/01/2009;Aquisição de veículo(Caminhão Furgão) máquinas(empilhadeira, esteira para separação de materiais, carregador de fardos para empilhadeira, triturador de papéis industrial) e equipamentos(computadores, projetor de multimídia, mesas e cadeiras para escritório) para suprir e organizar a coleta seletiva, auxiliar no transporte das cargas, diminuindo custos.;209113;202800;6313
1316;SP;ADOLFO;3500204;54000;MINISTERIO DO TURISMO;Administração Pública Municipal;47/2008;3;9;2008;03/09/2008;54000;MINISTERIO DO TURISMO;CONVENIO;45140431000191;MUNICIPIO DE ADOLFO;15230000;AVENIDA CASTRO ALVES, 780 - CENTRO. ADOLFO - SP. CEP: 15230-000;CENTRO;BANCO DO BRASIL SA;Cadastrada;Não Cadastrado;Proposta/Plano de Trabalho Rejeitados;30/10/2008;02/01/2009;-  Comemoração de Emancipação Politica do Município e  Festa de Peão Boiadeiro de Adolfo;600000;540000;60000
1323;BA;BOM JESUS DA LAPA;2903904;24000;MINISTÉRIO DA CIÊNCIA, TECNOLOGIA, INOVAÇÕES E COMUNICAÇÕES;Organização da Sociedade Civil;48/2008;3;9;2008;03/09/2008;24000;MINISTÉRIO DA CIÊNCIA, TECNOLOGIA, INOVAÇÕES E COMUNICAÇÕES;CONVENIO;16237075000120;ESCOLA BATISTA DE BOM JESUS DA LAPA;47600000;Rua Guanabara, Nº 372 - Centro. BOM JESUS DA LAPA - BA. CEP: 47600-000;Centro;BANCO DO BRASIL SA;Cadastrada;Não Cadastrado;Proposta/Plano de Trabalho em Análise;15/10/2008;15/11/2010;A necessidade de Apoiar projetos voltados para a difusão e acesso à tecnologia da informação para a população carente é de grande valor social, uma vez que a Escola Batista de Bom Jesus da Lapa já possui um laboratório próprio denominado Centro Digital de Cidadania  CDC, com dez (10) estações, um (01) servidor e uma impressora. Em um ambiente anexo a escola, com capacidade de atender 280 pessoas/dia, em espaço com ar refrigerado, com rampa de acesso para deficiente físico. Porquanto, o custeio das despesas e manutenção básica da unidade necessário ao seu funcionamento permitirá que a população que vivem em desvantagens pessoais, e em área de degradação social possam através dos recursos da informática, viabilizar atividades que decorrem de suas necessidades. Os Centros Digitais de Cidadania tem o objetivo de levar às populações mais pobres, inseridas em alto nível de exclusão social, o acesso ás tecnologias da comunicação e informação através da Internet e de um conjunto de programas e softwares, possibilitando a geração de serviços considerados relevantes para a comunidade local como: educação ambiental, informações sobre geração de trabalho e renda, capacitação profissional etc. Alem disso, os Centros Digitais de Cidadania se constituem, também, em espaços concretos para o exercício da cidadania.;59000;58410;590
1324;RJ;RIO DE JANEIRO;3304557;51000;MINISTERIO DO ESPORTE;Organização da Sociedade Civil;49/2008;3;9;2008;03/09/2008;51000;MINISTERIO DO ESPORTE;CONVENIO;34117366000167;COMITE OLIMPICO BRASILEIRO;22631000;Avenida das Américas, 899 - Barra da Tijuca. RIO DE JANEIRO - RJ. CEP: 22631-000;Barra da Tijuca;BANCO DO BRASIL SA;Cadastrada;Não Cadastrado;Proposta/Plano de Trabalho Rejeitados;11/09/2008;31/07/2009;Transferência de recursos financeiros para custear a contratação de serviços de Produção Editorial do Dossiê de Candidatura da cidade do Rio de Janeiro para sediar os Jogos Olímpicos de 2016, com prestação de serviços de produção editorial, tradução juramentada e pesquisa de opinião pública ( exigência do COI).;1614623,73;1479774,73;134849
1343;SP;RIBEIRAO PRETO;3543402;54000;MINISTERIO DO TURISMO;Organização da Sociedade Civil;50/2008;4;9;2008;04/09/2008;54000;MINISTERIO DO TURISMO;TERMO DE PARCERIA;5463465000100;ASSOCIACAO DE APOIO A PROJETOS E PROGRAMA DA COMUNIDADE DA UNIVERSIDADE DE SAO PAULO - PRO USP/FHENIX;14030300;RUA ALBERTO DE OLIVEIRA, 890 - CENTRO. RIBEIRAO PRETO - SP. CEP: 14030-300;CENTRO;BANCO DO BRASIL SA;Cadastrada;Não Cadastrado;Proposta/Plano de Trabalho Cadastrados;28/09/2008;28/09/2008;4 PARADA GAY DE RIBEIRÃO PRETO;110000;100000;10000
1389;DF;BRASILIA;5300108;28000;MINISTERIO DO DESENV,IND. E COMERCIO EXTERIOR;Organização da Sociedade Civil;53/2008;4;9;2008;04/09/2008;28000;MINISTERIO DO DESENV,IND. E COMERCIO EXTERIOR;CONVENIO;8436467000190;CENTRO DE ESTUDOS, PROMOCAO E DESENVOLVIMENTO DE MERCADOS;71655140;SHIS QI 19 CONJUNTO 14 CASA 02 - LAGO SUL. BRASILIA - DF. CEP: 71655-140;LAGO SUL;BANCO DO BRASIL SA;Cadastrada;Não Cadastrado;Proposta/Plano de Trabalho Cadastrados;04/09/2008;30/01/2009;"Execução de um plano de ação, com vistas à viabilização de exportação das empresas selecionadas, pelo MDIC, nos  estados de Goiás, Rio Grande do Norte e Espírito Santo , com recursos  orçamentários do Projeto Primeira Exportação. O detalhamento do objeto  será realizado por meio do Plano de Trabalho proposto, após o estabelecimento de vínculo de cooperação entre as partes. 	  O Plano de Trabalho detalha as ações para realização de um plano de marketing e de logística comercial para os produtos e empresas já identificados pelo Programa Primeira Exportação. O plano identificará, também, os meios e mecanismos mais adequados para se atingir os objetivos esperados: A realização da primeira exportação das empresas pré-selecionadas como Piloto, pelo MDIC.  Objetivando a operacionalização de atividades complementares ao Projeto de Primeira Exportação, serão executadas ações de Estudos da logística comercial, dos meios mais adequados para apresentação dos produtos, a estratégia de marketing, a identificação dos agentes exportadores por segmento do setor, bem os eventos mais adequados para apresentação dos produtos.   O IMA propõe a execução desse plano, através de 2(duas) ações integradas, conforme descrição abaixo.  AÇÃO I  1.	Logística Comercial       Os estudos propostos baseiam-se na implantação da  logística empresarial para as empresas selecionadas, com vistas à realização da primeira exportação. Sendo os estudos direcionados para a distribuição física em todas as cadeias de abastecimento de mercado para produtos e serviços de qualquer natureza: Indústria, tais como: alimentícia, farmacêutica, metalúrgica, siderúrgica, eletroeletrônica, aeroespacial, higiene e limpeza, automobilística; Varejo, tais como: supermercados, distribuidores/atacadistas, distribuidores especializados, magazines, etc; Serviços, tais como: empresas de transporte, operadores logísticos, hospitais, bancos. Serão utilizadas ferramentas para estudos de localização de centrais de distribuição ( CD ), modelagem de distribuição, gestão de transporte integrados, aplicação de transporte multimodal (marítimo, cabotagem, aéreo, rodoviário, ferroviário, fluvial).  Conteúdos:  -	Identificação de brokers por setor;  -	Identificação de Trades Comerciais;  -	Sistemas de embalagens;   -	Adequação de embalagem;  -	Customização de transporte;  -	Composição de preços, dentre outros.   AÇÃO II  2.	Plano de Marketing  O coração de qualquer plano de marketing é a cuidadosa análise dos segmentos de mercado disponíveis e a seleção adequada de um segmento alvo. A seleção de um segmento de mercado é o resultado da compreensão do que o cliente é e o que quer ser, e o estudo dos segmentos disponíveis e a determinação do que esse segmento deseja e se tem condições de adquirir o que lhe é oferecido. O Plano em foco deverá ser voltado a empresários qualificados, com faixa de renda compatível aos negócios a serem oferecidos e que já atuam ou pretendam atuar no mercado exportativo. Estratégia de marketing para o atendimento dos objetivos - O estabelecimento de objetivos provê a direção para o resto do plano de marketing. O propósito das estratégias e táticas de marketing é dar suporte aos objetivos. Os instrumentos de marketing devem ser suficientes para atingir os objetivos e cumpri-los dentro dos prazos estabelecidos. O objetivo é sempre quantificável e no caso em questão constitui a venda dos produtos para o mercado externo. A estratégia para o alcance deste objetivo será a identificação dos mecanismos mais adequados para concretização da primeira exportação, com apresentações programadas em eventos e/ou encontros de negócios ligadas a cada segmento identificado pelo MDIC.              Conteúdos:  -	Identificação de eventos promocionais por setor;  -	Modelos de apresentação;  -	Formas de Negociação;";105000;105000;0
1390;SP;SAO PAULO;3550308;20113;MINISTERIO DO PLANEJAMENTO, DESENVOLVIMENTO E GESTAO;Organização da Sociedade Civil;54/2008;4;9;2008;04/09/2008;20113;MINISTERIO DO PLANEJAMENTO, DESENVOLVIMENTO E GESTAO;CONVENIO;96538798000107;INSTITUTO DE PESQUISAS E PROJETOS SOCIAIS E TECNOLOGICO;1220010;Rua Rego Freitas 454 11º andar cj 112 - Vila Buarque. SAO PAULO - SP. CEP: 01220-010;Vila Buarque;BANCO DO BRASIL SA;Registrada;Não Cadastrado;Proposta/Plano de Trabalho Aprovados;31/10/2008;31/12/2010;Manutenção, aperfeiçoamento e integração do Observatório Nacional de Inclusão Digital - ONID, mediante o desenvolvimento de ações de pesquisa, coleta, atualização, sistematização e avaliação de informações a respeito das iniciativas de inclusão digital em espaços públicos de acesso (telecentros) e a elas relacionadas, incluindo a produção de sistemas e ferramentas tecnológicas, de materiais de registro e referência, e de instrumentos de apoio ao Projeto Computadores para Inclusão - Projeto CI integrados ao ONID. 							;777825;699800;78025
1391;PR;MARQUINHO;4115457;22000;MINISTÉRIO DA AGRICULTURA,PECUARIA E ABASTECIMENTO;Administração Pública Municipal;55/2008;4;9;2008;04/09/2008;22000;MINISTÉRIO DA AGRICULTURA,PECUARIA E ABASTECIMENTO;CONVENIO;1612552000113;MUNICIPIO DE MARQUINHO;85168000;RUA SETE DE SETEMBRO, SN - CENTRO. MARQUINHO - PR. CEP: 85168-000;CENTRO;BANCO DO BRASIL SA;Cadastrada;Não Cadastrado;Proposta/Plano de Trabalho Rejeitados;01/11/2008;01/04/2009;Apoiar a  recuperação e  manutenção de estradas viicnais do municipio de Marquinhos;110000;99000;11000
1392;RJ;RIO DE JANEIRO;3304557;51000;MINISTERIO DO ESPORTE;Organização da Sociedade Civil;56/2008;4;9;2008;04/09/2008;51000;MINISTERIO DO ESPORTE;CONVENIO;34117366000167;COMITE OLIMPICO BRASILEIRO;22631000;Avenida das Américas, 899 - Barra da Tijuca. RIO DE JANEIRO - RJ. CEP: 22631-000;Barra da Tijuca;CAIXA ECONOMICA FEDERAL;Cadastrada;Não Cadastrado;Proposta/Plano de Trabalho Cadastrados;23/09/2008;31/10/2009;Custear Serviço de Consultoria Internacional em Mega-Evento, altamente especializada, para a coordenação do desenvolvimento do suporte técnico relacionado a fase de candidatura da cidade do Rio de Janeiro aos Jogos Olímpicos de 2016, bem como orientar e coordenar o trabalho de pesquisa, compilação de dados e acompanhar e orientar os aspectos técnicos-estratégicos das ações voltadas para o relacionamento e a campanha do projeto de Candidatura RIO 2016.;10925284,34;10834256,34;91028
1393;RJ;RIO DE JANEIRO;3304557;42000;MINISTERIO DA CULTURA;Organização da Sociedade Civil;57/2008;4;9;2008;04/09/2008;20408;FUNDACAO CULTURAL PALMARES;CONVENIO;3877143000174;CENTRO BRASILEIRO DE INFORMACAO E DOCUMENTACAO DO ARTISTA NEGRO - CIDAN;22471002;Av. Epitácio Pessoa, 1924 / 202 - Lagoa. RIO DE JANEIRO - RJ. CEP: 22471-002;Lagoa;BANCO DO BRASIL SA;Cadastrada;Não Cadastrado;Proposta/Plano de Trabalho Aprovados;15/09/2008;17/03/2009;Realização de documentário intitulado NEGROS EM MOVIMENTOS, dividido em 06 episódios de 27 minutos cada, sobre os movimentos políticos e culturais do negro, iniciando-se na década de 1880, época em que foi assinada a Abolição da Escravatura (1888), até os dias atuais, para exibição em canal cultural.;285760;257120;28640
1394;BA;MATA DE SAO JOAO;2921005;54000;MINISTERIO DO TURISMO;Administração Pública Municipal;58/2008;5;9;2008;05/09/2008;54000;MINISTERIO DO TURISMO;CONTRATO DE REPASSE;13805528000180;MUNICIPIO DE MATA DE SAO JOAO;48280000;RUA LUIZ ANTONIO GARCEZ, S/N - CENTRO. MATA DE SAO JOAO - BA. CEP: 48280-000;CENTRO;BANCO DO BRASIL SA;Cadastrada;Não Cadastrado;Proposta/Plano de Trabalho Cadastrados;01/11/2008;01/11/2009;Construção de 20 barracas de praia e de um módulo com 05 banheiros, sendo 2 masculinos, 2 femininos e 1 para pessoas portadoras de necessidades especiais.;1000000;900000;100000
1396;BA;MATA DE SAO JOAO;2921005;54000;MINISTERIO DO TURISMO;Administração Pública Municipal;59/2008;5;9;2008;05/09/2008;54000;MINISTERIO DO TURISMO;CONTRATO DE REPASSE;13805528000180;MUNICIPIO DE MATA DE SAO JOAO;48280000;RUA LUIZ ANTONIO GARCEZ, S/N - CENTRO. MATA DE SAO JOAO - BA. CEP: 48280-000;CENTRO;BANCO DO BRASIL SA;Cadastrada;Não Cadastrado;Proposta/Plano de Trabalho Cadastrados;01/11/2008;30/11/2009;Construção de 20 barracas de praia e de 01 módulo com 5 banheiros, sendo dois masculinos, dois femininos e um para pessoas portadoras de necessidades especiais.;1000000;900000;100000
1400;GO;GOIANIA;5208707;22000;MINISTÉRIO DA AGRICULTURA,PECUARIA E ABASTECIMENTO;Organização da Sociedade Civil;61/2008;5;9;2008;05/09/2008;22000;MINISTÉRIO DA AGRICULTURA,PECUARIA E ABASTECIMENTO;CONVENIO;2900454000144;ASSOCIACAO GOIANA DOS CRIADORES DE GIR - AGCG;74610150;Rua 250, S/Nº, Pque.Exp.Agropecuária - Vila Nova. GOIANIA - GO. CEP: 74610-150;Vila Nova;BANCO DO BRASIL SA;Cadastrada;Não Cadastrado;Proposta/Plano de Trabalho Cadastrados;30/09/2008;30/09/2009;Melhoramento genético da raça Gir para produção leiteira no Estado de Goiás, por meio da avaliação de touros pela produção de suas filhas em fazendas colaboradoras do Estado e pela divulgação de informações que estimulem a participação e uso dos melhores touros nos rebanhos.;139650;109650;30000
1402;SP;ADOLFO;3500204;54000;MINISTERIO DO TURISMO;Administração Pública Municipal;62/2008;5;9;2008;05/09/2008;54000;MINISTERIO DO TURISMO;CONVENIO;45140431000191;MUNICIPIO DE ADOLFO;15230000;AVENIDA CASTRO ALVES, 780 - CENTRO. ADOLFO - SP. CEP: 15230-000;CENTRO;BANCO DO BRASIL SA;Cadastrada;Não Cadastrado;Proposta/Plano de Trabalho Cadastrados;30/10/2008;31/12/2008;Festividades de comemoração da Emancipação do municipio com a Festa do Peão Boiadeiro.;500000;450000;50000
1403;GO;GOIANIA;5208707;54000;MINISTERIO DO TURISMO;Organização da Sociedade Civil;63/2008;5;9;2008;05/09/2008;54000;MINISTERIO DO TURISMO;CONVENIO;1612381000122;SOCIEDADE GOIANA DE PECUARIA E AGRICULTURA;74610150;RUA 250, S N, PQUE AGRO PECUARIO - NOVA VILA. GOIANIA - GO. CEP: 74610-150;NOVA VILA;BANCO DO BRASIL SA;Cadastrada;Não Cadastrado;Proposta/Plano de Trabalho Cadastrados;17/09/2008;26/09/2008;45ª Exposição Agropecuária de Goiânia;112000;100000;12000
1404;RJ;RIO DE JANEIRO;3304557;42000;MINISTERIO DA CULTURA;Organização da Sociedade Civil;64/2008;5;9;2008;05/09/2008;20408;FUNDACAO CULTURAL PALMARES;CONVENIO;31245483000118;DEVNET-BRASIL;20091005;Rua da Quitanda, 187 / 801 - Centro. RIO DE JANEIRO - RJ. CEP: 20091-005;Centro;BANCO DO BRASIL SA;Cadastrada;Não Cadastrado;Proposta/Plano de Trabalho Cadastrados;15/09/2008;17/12/2008;"Realizar o projeto Encontro de Arte Negra no período de 06 a 09 de outubro de 2008, nos espaços da COARTE, localizados na Universidade do Estado do Rio de Janeiro (UERJ), com o intuito de promover e dar visibilidade à estética negra através da realização de colóquios; espetáculos teatrais, oficinas de roteiro, oficinas de dança e exposição fotográfica.";288888,88;260000;28888,88
1413;RO;ALVORADA D'OESTE;1100346;28000;MINISTERIO DO DESENV,IND. E COMERCIO EXTERIOR;Administração Pública Municipal;65/2008;5;9;2008;05/09/2008;20603;SUPERINTENDENCIA DA ZONA FRANCA DE MANAUS;CONVENIO;15845340000190;MUNICIPIO DE ALVORADA D'OESTE;76930000;AVENIDA MAL DEODORO, 4695, PREDIO - 3 PODERES. ALVORADA D'OESTE - RO. CEP: 76930-000;3 PODERES;CAIXA ECONOMICA FEDERAL;Cadastrada;Não Cadastrado;Proposta/Plano de Trabalho em Análise;10/10/2008;10/10/2009;O presente projeto tem por finalidade a aquisição de 01 (um) trator agrícola de pneus, 01 (uma) grade aradora e 01 (uma) carreta agrícola para atender a comunidade da agricultura familiar beneficiando as 40 (quarenta) familias que compõe a  APRSR - Associação de Pequenos Produtores Rurais Santa Rita localizada na Linha Mini 07 Distrito de Tancredopolis no Município de Alvorada do Oeste/RO.;105000;100000;5000
1416;RJ;RIO DE JANEIRO;3304557;51000;MINISTERIO DO ESPORTE;Organização da Sociedade Civil;66/2008;6;9;2008;06/09/2008;51000;MINISTERIO DO ESPORTE;CONVENIO;34117366000167;COMITE OLIMPICO BRASILEIRO;22631000;Avenida das Américas, 899 - Barra da Tijuca. RIO DE JANEIRO - RJ. CEP: 22631-000;Barra da Tijuca;CAIXA ECONOMICA FEDERAL;Cadastrada;Não Cadastrado;Proposta/Plano de Trabalho Cadastrados;23/09/2008;01/06/2009;Custear Serviço de Consultoria Internacional Operacional altamente especializada para orientação e coordenação dos trabalhos de pesquisas, compilação de dados, coordenação do desenvolvimento das especificações técnicas, apoio para o desenvolvimento das estratégias voltadas as necessidades técnicas da candidatura da cidade do Rio de Janeiro/Brasil e elaboração do Dossiê de Candidatura a ser entregue pelo Comitê de Candidatura RIO 2016 ao Comitê Olímpico Internacional.;7205104,8;7156594,8;48510
1417;GO;SANTA TEREZA DE GOIAS;5219605;54000;MINISTERIO DO TURISMO;Administração Pública Municipal;67/2008;6;9;2008;06/09/2008;54000;MINISTERIO DO TURISMO;CONVENIO;2073484000124;MUNICIPIO DE SANTA TEREZA DE GOIAS;76480000;PRACA DR BELARMINO CRUVINEL, S N - CENTRO. SANTA TEREZA DE GOIAS - GO. CEP: 76480-000;CENTRO;BANCO DO BRASIL SA;Cadastrada;Não Cadastrado;Proposta/Plano de Trabalho Cadastrados;06/10/2008;31/12/2008;REALIZACAO DE SHOWS ARTISTICOS NA 8ª FESTA DO PEAO DE RODEIO DE SANTA TEREZA DE GOIAS  1 - Este projeto tem por objetivo o patrocinio do Ministerio do Turismo para o evento denominado 8ª FESTA DO PEAO DE RODEIO da cidade de Santa Tereza de Goiás.  2 - Vale destacar, que inumeras regioes do Brasil, organizam pacotes turisticos para conduzir as pessoas ate o evento em Santa Tereza no Estado de Goias, fator que contribui para a economia, nao so do municipio como tambem do Estado.  3 - Para finalizar, destaco que o apoio do Governo Federal a eventos de carater turisticos de iniciativa publica, contribui para o crescimento do setor turistico e consequentemente para o progresso da economia brasileira que, a cada dia, encontra no setor turístico um alicerce seguro para uma economia prospera.;135000;121500;13500
1432;RS;SAO GABRIEL;4318309;22000;MINISTÉRIO DA AGRICULTURA,PECUARIA E ABASTECIMENTO;Administração Pública Municipal;68/2008;8;9;2008;08/09/2008;22000;MINISTÉRIO DA AGRICULTURA,PECUARIA E ABASTECIMENTO;CONVENIO;88768080000170;MUNICIPIO DE SAO GABRIEL;97300000;RUA DUQUE DE CAXIAS, 268, PREFEITURA MUNICIP - CENTRO. SAO GABRIEL - RS. CEP: 97300-000;CENTRO;CAIXA ECONOMICA FEDERAL;Registrada;Não Cadastrado;Proposta/Plano de Trabalho Aprovados;30/12/2008;30/08/2010;Aquisição de 2.000 toneladas de calcário para distribuição (frete incluso) e uso corretivo de solo em pequenas propriedades rurais, em nosso município.;130000;104000;26000
1433;SC;FLORIANOPOLIS;;54000;MINISTERIO DO TURISMO;Organização da Sociedade Civil;69/2008;8;9;2008;08/09/2008;54000;MINISTERIO DO TURISMO;CONVENIO;82895327000133;FUNDACAO DE ENSINO E ENGENHARIA DE SANTA CATARINA;88040970;Rua Delfino Conti s/n° - UFSC/CTC  Caixa postal 5040 - Trindade. FLORIANOPOLIS - SC. CEP: 88040-970;Trindade;BANCO DO BRASIL SA;Cadastrada;Não Cadastrado;Proposta/Plano de Trabalho em Análise;01/12/2008;31/12/2009;OBJETIVO GERAL                 Formar mão de obra qualificada para trabalhar no trade turístico da região de São Joaquim (SC), sensibilizar a comunidade sobre a importância do turismo para a cidade e qualificar profissionais que já trabalham no trade turístico e comércio da região, visando à melhoria da qualidade no atendimento.  OBJETIVOS ESPECÍFICOS              	Profissionalizar estudantes que estejam concluindo o segundo grau em escolas estaduais do município e dar a oportunidade para que eles ingressem no mercado de trabalho por meio do turismo.    	Melhoria da qualidade do atendimento turístico da região.    	Sensibilização dos alunos de escolas estaduais, municipais e particulares, quanto à importância turismo para a região.;585000;526500;58500
1435;RJ;RIO DE JANEIRO;3304557;51000;MINISTERIO DO ESPORTE;Organização da Sociedade Civil;70/2008;8;9;2008;08/09/2008;51000;MINISTERIO DO ESPORTE;CONVENIO;34117366000167;COMITE OLIMPICO BRASILEIRO;22631000;Avenida das Américas, 899 - Barra da Tijuca. RIO DE JANEIRO - RJ. CEP: 22631-000;Barra da Tijuca;CAIXA ECONOMICA FEDERAL;Cadastrada;Não Cadastrado;Proposta/Plano de Trabalho em Análise;10/10/2008;31/10/2009;Custear Serviços de para Apoio Operacional, Desenvolvimento e Confecção do Dossiê de Candidatura à Sede dos Jogos Olímpicos e Paraolímpicos Rio 2016.;3644398,09;3582498,09;61900
1436;RS;SAO PAULO DAS MISSOES;4319307;22000;MINISTÉRIO DA AGRICULTURA,PECUARIA E ABASTECIMENTO;Administração Pública Municipal;71/2008;8;9;2008;08/09/2008;22000;MINISTÉRIO DA AGRICULTURA,PECUARIA E ABASTECIMENTO;CONTRATO DE REPASSE;87613642000144;MUNICIPIO DE SAO PAULO DAS MISSOES;97980000;RUA INDEPENDENCIA, 536 - CENTRO. SAO PAULO DAS MISSOES - RS. CEP: 97980-000;CENTRO;BANCO DO BRASIL SA;Cadastrada;Não Cadastrado;Proposta/Plano de Trabalho Cadastrados;08/09/2008;31/12/2008;Aquisição de Calcário para CORREÇÃO DE ACIDEZ DO SOLO nas propriedades rurais do município de São Paulo das Missões.;103700;100000;3700
1437;PR;NOVO ITACOLOMI;4117297;22000;MINISTÉRIO DA AGRICULTURA,PECUARIA E ABASTECIMENTO;Administração Pública Municipal;72/2008;8;9;2008;08/09/2008;22000;MINISTÉRIO DA AGRICULTURA,PECUARIA E ABASTECIMENTO;CONVENIO;95639472000103;MUNICIPIO DE NOVO ITACOLOMI;86895000;AVENIDA 28 DE SETEMBRO, 711, CENTRO - CENTRO. NOVO ITACOLOMI - PR. CEP: 86895-000;CENTRO;BANCO DO BRASIL SA;Cadastrada;Não Cadastrado;Proposta/Plano de Trabalho em Análise;08/09/2008;27/02/2009;Recuperação de 17 Km de estradas vicinais do Municipio de Novo Itacolomi.-;110000;106700;3300
1438;PR;SANTA TEREZINHA DE ITAIPU;4124053;22000;MINISTÉRIO DA AGRICULTURA,PECUARIA E ABASTECIMENTO;Administração Pública Municipal;73/2008;8;9;2008;08/09/2008;22000;MINISTÉRIO DA AGRICULTURA,PECUARIA E ABASTECIMENTO;CONVENIO;75425314000135;MUNICIPIO DE SANTA TEREZINHA DE ITAIPU;85875000;RUA JOAO XXIII, 144 - CENTRO. SANTA TEREZINHA DE ITAIPU - PR. CEP: 85875-000;CENTRO;BANCO DO BRASIL SA;Cadastrada;Não Cadastrado;Proposta/Plano de Trabalho Cadastrados;20/10/2008;20/10/2009;Melhoramento das estradas vicinais, através de pavimentação poliédrica no perímetro rural do Município de Santa Terezinha de Itaipu.;495907,1;481029,88;14877,22
1439;PE;RECIFE;2611606;24000;MINISTÉRIO DA CIÊNCIA, TECNOLOGIA, INOVAÇÕES E COMUNICAÇÕES;Administração Pública Estadual ou do Distrito Federal;74/2008;8;9;2008;08/09/2008;20501;CONSELHO NACIONAL DE DES.CIENT.E TECNOLOGICO;CONVENIO;24566440000179;FUNDACAO DE AMPARO A CIENCIA E TECNOLOGIA - FACEPE;50720001;RUA BENFICA, 150 - MADALENA. RECIFE - PE. CEP: 50720-001;MADALENA;BANCO DO BRASIL SA;Cadastrada;Não Cadastrado;Proposta/Plano de Trabalho Cadastrados;01/09/2008;31/08/2013;"Dar continuidade à implementação, no Estado de Pernambuco, do Programa de Apoio aos Núcleos de Excelência - PRONEX/FACEPE/CNPq, criado pelo Decreto nº1.857, de 10/04/1996, que tem como finalidade: a)contribuir para consolidar o processo de desenvolvimento científico-tecnológico brasileiro, por meio de apoio continuado e adicional aos instrumentos hoje disponíveis, a grupos de alta competência, que tenham liderança e papel nucleador no setor de sua atuação; b)integrar o esforço conjunto das agências federais de fomento para o desenvolvimento de ações comuns e complementares, juntando-se a este a ação dos órgãos estaduais e municipais de fomento à pesquisa, e articular-se com o setor produtivo, quando couber; c)explorar as vantagens das novas formas e mecanismos de financiamento, de modo a promover: o uso descentralizado e flexível das verbas; o incentivo à formação de recursos humanos de alta qualificação, de forma concentrada e dentro de um projeto que permita direcioná-la para atender a superação gradativa das deficiências do sistema e as prioridades estabelecidas para o desenvolvimento nacional, no seu sentido mais amplo; a recuperação e a ampliação de infra-estruturas e instalações obsoletas; a distribuição dos recursos para atender os núcleos de excelência de várias regiões do País; d) criar mecanismos adequados de avaliação e controle de desempenho; e) utilizar os Núcleos de Excelência para catalisar a emergência de outros núcleos em distintas regiões do País, obedecendo-se sempre o critério de qualidade.";15000000;10000000;5000000
1440;RJ;RIO DE JANEIRO;3304557;51000;MINISTERIO DO ESPORTE;Organização da Sociedade Civil;75/2008;8;9;2008;08/09/2008;51000;MINISTERIO DO ESPORTE;CONVENIO;34117366000167;COMITE OLIMPICO BRASILEIRO;22631000;Avenida das Américas, 899 - Barra da Tijuca. RIO DE JANEIRO - RJ. CEP: 22631-000;Barra da Tijuca;BANCO DO BRASIL SA;Cadastrada;Não Cadastrado;Proposta Aprovada e Plano de Trabalho em Complementação;25/09/2008;31/07/2009;Custear serviços de Produção Editorial do Dossiê de Candidatura da cidade do Rio de Janeiro para sediar os Jogos Olímpicos e Paraolímpicos de 2016, com prestação de serviços de produção editorial, tradução juramentada e pesquisa de opinião pública.;1614623,73;1479774,73;134849
1444;PR;MARQUINHO;4115457;22000;MINISTÉRIO DA AGRICULTURA,PECUARIA E ABASTECIMENTO;Administração Pública Municipal;76/2008;8;9;2008;08/09/2008;22000;MINISTÉRIO DA AGRICULTURA,PECUARIA E ABASTECIMENTO;CONVENIO;1612552000113;MUNICIPIO DE MARQUINHO;85168000;RUA SETE DE SETEMBRO, SN - CENTRO. MARQUINHO - PR. CEP: 85168-000;CENTRO;BANCO DO BRASIL SA;Cadastrada;Não Cadastrado;Proposta/Plano de Trabalho Rejeitados;01/09/2008;31/12/2008;APOIAR A RECUPERAÇÃO E MANUTENÇÃO DE ESTRADAS VICINAIS DO TRECHO ANTA GORDA  SÃO ROQUE/JUTI ATÉ PR-364  NUM TOTAL DE 19,5KM.;156000;150000;6000
1445;RS;SAO PAULO DAS MISSOES;4319307;22000;MINISTÉRIO DA AGRICULTURA,PECUARIA E ABASTECIMENTO;Administração Pública Municipal;77/2008;8;9;2008;08/09/2008;22000;MINISTÉRIO DA AGRICULTURA,PECUARIA E ABASTECIMENTO;CONTRATO DE REPASSE;87613642000144;MUNICIPIO DE SAO PAULO DAS MISSOES;97980000;RUA INDEPENDENCIA, 536 - CENTRO. SAO PAULO DAS MISSOES - RS. CEP: 97980-000;CENTRO;BANCO DO BRASIL SA;Cadastrada;Não Cadastrado;Proposta/Plano de Trabalho Cadastrados;08/09/2008;31/12/2008;Aquisição de Calcário para  CORREÇÃO DE ACIDEZ DO SOLO no município de São Paulo das Missões.;103700;100000;3700
1446;RS;NOVA ALVORADA;4312757;51000;MINISTERIO DO ESPORTE;Administração Pública Municipal;78/2008;8;9;2008;08/09/2008;51000;MINISTERIO DO ESPORTE;CONTRATO DE REPASSE;92402502000167;MUNICIPIO DE NOVA ALVORADA;95985000;AVENIDA VICENTE GUERRA, 1429 - CENTRO. NOVA ALVORADA - RS. CEP: 95985-000;CENTRO;CAIXA ECONOMICA FEDERAL;Cadastrada;Não Cadastrado;Proposta/Plano de Trabalho em Análise;08/09/2008;31/12/2008;IMPLANTAÇÃO E MODERNIZAÇÃO DE INFRA-ESTRUTURA PARA ESPORTE RECREATIVO E DE LAZER  IMPLANTAÇÃO E MODERNIZAÇÃO DE QUADRA DE ESPORTE  Quadra de Esportes Coberta e Aberta, com dimensões iguais a 22,00 x 32,00 m, Área = 704,00 m2.;207000;200000;7000
1447;PR;CORNELIO PROCOPIO;4106407;22000;MINISTÉRIO DA AGRICULTURA,PECUARIA E ABASTECIMENTO;Administração Pública Municipal;79/2008;8;9;2008;08/09/2008;22000;MINISTÉRIO DA AGRICULTURA,PECUARIA E ABASTECIMENTO;CONVENIO;76331941000170;MUNICIPIO DE CORNELIO PROCOPIO;86300000;AVENIDA MINAS GERAIS, 301 - CENTRO. CORNELIO PROCOPIO - PR. CEP: 86300-000;CENTRO;BANCO DO BRASIL SA;Cadastrada;Não Cadastrado;Proposta/Plano de Trabalho Rejeitados;01/12/2008;30/06/2009;Aquisição de Equipamentos e Implementos Agrícolas;720000;600000;120000
1448;PR;CORNELIO PROCOPIO;4106407;44000;MINISTERIO DO MEIO AMBIENTE;Administração Pública Municipal;80/2008;8;9;2008;08/09/2008;44000;MINISTERIO DO MEIO AMBIENTE;CONVENIO;76331941000170;MUNICIPIO DE CORNELIO PROCOPIO;86300000;AVENIDA MINAS GERAIS, 301 - CENTRO. CORNELIO PROCOPIO - PR. CEP: 86300-000;CENTRO;BANCO DO BRASIL SA;Cadastrada;Não Cadastrado;Proposta/Plano de Trabalho Cadastrados;09/09/2008;23/02/2009;"Construir barracões que servirão para abrigar os trabalhos de reciclagem da coleta seletiva, bem como processá-los  para posterior comercialização; aquisição de equipamentos necessários ao processo de coleta seletiva e processamento na unidade.";1200000;1000000;200000
1449;DF;BRASILIA;5300108;20000;PRESIDENCIA DA REPÚBLICA;Organização da Sociedade Civil;81/2008;9;9;2008;09/09/2008;20101;PRESIDÊNCIA DA REPÚBLICA;CONVENIO;5305331000153;NUCLEO DE ATENCAO SOCIAL A CIDADANIA E EDUCACAO-NASCE;71615160;SHIS QI 05 CONJ. 16 CASA 16 - LAGO  SUL. BRASILIA - DF. CEP: 71615-160;LAGO  SUL;BANCO DO BRASIL SA;Cadastrada;Não Cadastrado;Proposta/Plano de Trabalho Cadastrados;15/09/2008;31/03/2009;Contribuir na qualificação, interação e articulação dos Conselhos Estaduais, Municipais e Tutelares, dentro do processo de implementação e consolidação do Estatuto da Criança e do Adolescente, a partir da realização do IX Encontro de Articulação do Conanda com os Conselhos Estaduais, Distrital e Municipais das Capitais dos Direitos da Criança e do Adolescente com os Conselhos Tutelares e da Oficina com os Juízes da Infância e Adolescência.;345268;334235;11033
1450;RS;SAO PAULO DAS MISSOES;4319307;22000;MINISTÉRIO DA AGRICULTURA,PECUARIA E ABASTECIMENTO;Administração Pública Municipal;82/2008;9;9;2008;09/09/2008;22000;MINISTÉRIO DA AGRICULTURA,PECUARIA E ABASTECIMENTO;CONVENIO;87613642000144;MUNICIPIO DE SAO PAULO DAS MISSOES;97980000;RUA INDEPENDENCIA, 536 - CENTRO. SAO PAULO DAS MISSOES - RS. CEP: 97980-000;CENTRO;BANCO DO BRASIL SA;Cadastrada;Não Cadastrado;Proposta/Plano de Trabalho Aprovados;31/12/2008;01/12/2009;Aquisição de Calcário para CORREÇÃO DE ACIDEZ DO SOLO no município de São Paulo das Missões;105344,25;100000;5344,25
1451;PE;RECIFE;2611606;24000;MINISTÉRIO DA CIÊNCIA, TECNOLOGIA, INOVAÇÕES E COMUNICAÇÕES;Administração Pública Estadual ou do Distrito Federal;83/2008;9;9;2008;09/09/2008;20501;CONSELHO NACIONAL DE DES.CIENT.E TECNOLOGICO;CONVENIO;24566440000179;FUNDACAO DE AMPARO A CIENCIA E TECNOLOGIA - FACEPE;50720001;RUA BENFICA, 150 - MADALENA. RECIFE - PE. CEP: 50720-001;MADALENA;BANCO DO BRASIL SA;Cadastrada;Não Cadastrado;Proposta/Plano de Trabalho Cadastrados;01/09/2008;31/08/2012;"Dar continuidade à implementação, no Estado de Pernambuco, do PROGRAMA DE APOIO A NÚCLEOS DE EXCELÊNCIA  PRONEX/FACEPE/CNPq, criado pelo Decreto nº 1.857, de 10/04/1996,  que tem como finalidade: a)contribuir para consolidar o processo de desenvolvimento científico-tecnológico brasileiro, por meio do apoio continuado e adicional aos instrumentos hoje disponíveis, a grupos de alta competência, que tenham liderança e papel nucleador no setor de sua atuação; b)integrar o esforço do conjunto das agências federais de fomento para o desenvolvimento de ações comuns e complementares, juntando-se a este a ação dos órgãos estaduais e municipais de fomento à pesquisa, e articular-se com o setor produtivo, quando couber;  c)explorar as vantagens das novas formas e mecanismos de  financiamento, de modo a promover:  o uso descentralizado e flexível das verbas; o incentivo à formação de recursos humanos de alta qualificação, de forma concentrada e dentro de um projeto que permita direcioná-la para atender a superação gradativa das deficiências do sistema e as prioridades estabelecidas para o desenvolvimento nacional, no seu sentido mais amplo; a recuperação e a ampliação de infra-estruturas e instalações obsoletas; a distribuição dos recursos para atender os núcleos de excelência  das várias regiões do País; d)criar mecanismos adequados de avaliação e controle de desempenho; e)utilizar os Núcleos de Excelência para catalisar a emergência de outros núcleos em distintas regiões do País, obedecendo-se sempre o critério de qualidade.";15000000;10000000;5000000
1452;PE;RECIFE;2611606;24000;MINISTÉRIO DA CIÊNCIA, TECNOLOGIA, INOVAÇÕES E COMUNICAÇÕES;Administração Pública Estadual ou do Distrito Federal;84/2008;9;9;2008;09/09/2008;20501;CONSELHO NACIONAL DE DES.CIENT.E TECNOLOGICO;CONVENIO;24566440000179;FUNDACAO DE AMPARO A CIENCIA E TECNOLOGIA - FACEPE;50720001;RUA BENFICA, 150 - MADALENA. RECIFE - PE. CEP: 50720-001;MADALENA;BANCO DO BRASIL SA;Cadastrada;Não Cadastrado;Proposta/Plano de Trabalho Cadastrados;01/09/2008;31/08/2013;"dar continuidade à implementação, no Estado de Pernambuco, do PROGRAMA DE APOIO A NÚCLEOS DE EXCELÊNCIA  PRONEX/FACEPE/CNPq, criado pelo Decreto nº 1.857, de 10/04/1996,  que tem como finalidade: a)contribuir para consolidar o processo de desenvolvimento científico-tecnológico brasileiro, por meio do apoio continuado e adicional aos instrumentos hoje disponíveis, a grupos de alta competência, que tenham liderança e papel nucleador no setor de sua atuação; b)integrar o esforço do conjunto das agências federais de fomento para o desenvolvimento de ações comuns e complementares, juntando-se a este a ação dos órgãos estaduais e municipais de fomento à pesquisa, e articular-se com o setor produtivo, quando couber; c)explorar as vantagens das novas formas e mecanismos de  financiamento, de modo a promover:  o uso descentralizado e flexível das verbas; o incentivo à formação de recursos humanos de alta qualificação, de forma concentrada e dentro de um projeto que permita direcioná-la para atender a superação gradativa das deficiências do sistema e as prioridades estabelecidas para o desenvolvimento nacional, no seu sentido mais amplo; a recuperação e a ampliação de infra-estruturas e instalações obsoletas; a distribuição dos recursos para atender os núcleos de excelência  das várias regiões do País; d)criar mecanismos adequados de avaliação e controle de desempenho; e)utilizar os Núcleos de Excelência para catalisar a emergência de outros núcleos em distintas regiões do País, obedecendo-se sempre o critério de qualidade.";15000000;10000000;5000000
1454;RS;SAO PAULO DAS MISSOES;4319307;22000;MINISTÉRIO DA AGRICULTURA,PECUARIA E ABASTECIMENTO;Administração Pública Municipal;86/2008;9;9;2008;09/09/2008;22000;MINISTÉRIO DA AGRICULTURA,PECUARIA E ABASTECIMENTO;CONVENIO;87613642000144;MUNICIPIO DE SAO PAULO DAS MISSOES;97980000;RUA INDEPENDENCIA, 536 - CENTRO. SAO PAULO DAS MISSOES - RS. CEP: 97980-000;CENTRO;BANCO DO BRASIL SA;Cadastrada;Não Cadastrado;Proposta/Plano de Trabalho Cadastrados;09/09/2008;31/12/2008;Recuperação e manutenção de vias públicas municipais com aplicação de uma nova camada de cascalho e limpeza das sarjetas, totalizando 45.000  metros de estradas a recuperar, desde a saída da cidade, estrada geral passando por Colônia Gaúcha, Povoado  Santa Cecília, Linha Lavina até Lavina Norte e da saída da sede do município até a Secção Dourada, passando pela Vila Pinheiro Machado e Linha Heloísa Sul e Norte.;127928;122000;5928
1455;MT;CUIABA;5103403;24000;MINISTÉRIO DA CIÊNCIA, TECNOLOGIA, INOVAÇÕES E COMUNICAÇÕES;Organização da Sociedade Civil;87/2008;9;9;2008;09/09/2008;24000;MINISTÉRIO DA CIÊNCIA, TECNOLOGIA, INOVAÇÕES E COMUNICAÇÕES;CONVENIO;3750171000126;SINDICATO INTERMUNICIPAL DAS INDUSTRIAS DA ALIMENTACAO NO ESTADO DE MATO GROSSO;78055500;Av. Historiador Rubens de Mendonça, 4193 - Bosque da Saúde. CUIABA - MT. CEP: 78055-500;Bosque da Saúde;BANCO DO BRASIL SA;Cadastrada;Não Cadastrado;Proposta/Plano de Trabalho em Complementação;01/08/2009;01/08/2010;Capacitar técnica e gerencialmente os recursos humanos ligados a cadeia produtiva das Indústrias de água mineral afim de desenvolver programas de qualidade, com vistas à melhoria de processos e a inovações tecnológicas.;255200;232000;23200
1457;MG;BETIM;3106705;51000;MINISTERIO DO ESPORTE;Administração Pública Municipal;89/2008;9;9;2008;09/09/2008;51000;MINISTERIO DO ESPORTE;CONVENIO;18715391000196;MUNICIPIO DE BETIM;32600412;RUA PARA DE MINAS, 640 - BRASILEIA. BETIM - MG. CEP: 32600-412;BRASILEIA;BANCO DO BRASIL SA;Cadastrada;Não Cadastrado;Proposta/Plano de Trabalho Cadastrados;30/10/2008;30/10/2009;contribuir para a construção de alternativas para adolescentes e jovens em situação de vulnerabilidade e risco social e/ou pessoal,  jovens em situação infracional e adolescentes em conflito com a lei, este projeto almeja contribuir para a redução das desigualdades e para a melhoria da qualidade de vida através de ações de enfrentamento da pobreza e de prevenção às situações de riscos sociais, por meio do esporte e do lazer.;154242,9;138817,9;15425
1459;PE;RECIFE;2611606;24000;MINISTÉRIO DA CIÊNCIA, TECNOLOGIA, INOVAÇÕES E COMUNICAÇÕES;Administração Pública Estadual ou do Distrito Federal;91/2008;9;9;2008;09/09/2008;20501;CONSELHO NACIONAL DE DES.CIENT.E TECNOLOGICO;CONVENIO;24566440000179;FUNDACAO DE AMPARO A CIENCIA E TECNOLOGIA - FACEPE;50720001;RUA BENFICA, 150 - MADALENA. RECIFE - PE. CEP: 50720-001;MADALENA;BANCO DO BRASIL SA;Registrada;Não Cadastrado;Proposta/Plano de Trabalho Aprovados;20/11/2008;19/11/2014;"dar continuidade à implementação, no Estado de Pernambuco, do PROGRAMA DE APOIO A NÚCLEOS DE EXCELÊNCIA  PRONEX/FACEPE/CNPq, criado pelo Decreto nº 1.857, de 10/04/1996,  que tem como finalidade:     a)contribuir para consolidar o processo de desenvolvimento científico-tecnológico brasileiro, por meio do apoio continuado e adicional aos instrumentos hoje disponíveis, a grupos de alta competência, que tenham liderança e papel nucleador no setor de sua atuação;  b)integrar o esforço do conjunto das agências federais de fomento para o desenvolvimento de ações comuns e complementares, juntando-se a este a ação dos órgãos estaduais e municipais de fomento à pesquisa, e articular-se com o setor produtivo, quando couber;  c)explorar as vantagens das novas formas e mecanismos de  financiamento, de modo a promover:  o uso descentralizado e flexível das verbas; o incentivo à formação de recursos humanos de alta qualificação, de forma concentrada e dentro de um projeto que permita direcioná-la para atender a superação gradativa das deficiências do sistema e as prioridades estabelecidas para o desenvolvimento nacional, no seu sentido mais amplo; a recuperação e a ampliação de infra-estruturas e instalações obsoletas; a distribuição dos recursos para atender os núcleos de excelência  das várias regiões do País;  d)criar mecanismos adequados de avaliação e controle de desempenho;    e)utilizar os Núcleos de Excelência para catalisar a emergência de outros núcleos em distintas regiões do País, obedecendo-se sempre o critério de qualidade.";15000000;10000000;5000000
1461;RS;IBIRUBA;4310009;22000;MINISTÉRIO DA AGRICULTURA,PECUARIA E ABASTECIMENTO;Organização da Sociedade Civil;92/2008;9;9;2008;09/09/2008;22000;MINISTÉRIO DA AGRICULTURA,PECUARIA E ABASTECIMENTO;CONVENIO;90657289000109;COOPERATIVA AGRICOLA MISTA GENERAL OSORIO LTDA;98200000;RUA MAUÁ   Nº 2359. IBIRUBA - RS. CEP: 98200-000;;BANCO DO BRASIL SA;Cadastrada;Não Cadastrado;Proposta/Plano de Trabalho Cadastrados;09/10/2008;09/03/2009;Incentivar a família rural cooperativada a participar ativamente das decisões de sua cooperativa Promover a realização de palestras, seminários, encontros e de intercâmbio cultural e técnico estimulando o crescimento do cooperativismo como prática de desenvolvimento social e econômico das comunidades locais.Promover a integração de produtores das várias localidades assistidas pela cooperativa, bem como fortalecer os laços de associativismo e de união.;625518;504270;121248
1462;SP;PATROCINIO PAULISTA;3536307;36000;MINISTERIO DA SAUDE;Administração Pública Municipal;93/2008;9;9;2008;09/09/2008;36000;MINISTERIO DA SAUDE;CONVENIO;45318185000115;MUNICIPIO DE PATROCINIO PAULISTA;14415000;PRA A NOSSA SENHORA DO PATROCINIO, 1168 - CENTRO. PATROCINIO PAULISTA - SP. CEP: 14415-000;CENTRO;BANCO DO BRASIL SA;Cadastrada;Não Cadastrado;Proposta/Plano de Trabalho em Análise;01/01/2009;31/12/2009;montagem de farmácia;200000;194000;6000
1463;DF;BRASILIA;5300108;20000;PRESIDENCIA DA REPÚBLICA;Organização da Sociedade Civil;94/2008;9;9;2008;09/09/2008;20101;PRESIDÊNCIA DA REPÚBLICA;CONVENIO;5305331000153;NUCLEO DE ATENCAO SOCIAL A CIDADANIA E EDUCACAO-NASCE;71615160;SHIS QI 05 CONJ. 16 CASA 16 - LAGO  SUL. BRASILIA - DF. CEP: 71615-160;LAGO  SUL;BANCO DO BRASIL SA;Cadastrada;Não Cadastrado;Proposta/Plano de Trabalho Cadastrados;15/09/2008;30/03/2009;Contribuir na qualificação, interação e articulação dos Conselhos Estaduais, Municipais e Tutelares, dentro do processo de implementação e consolidação do Estatuto da Criança e do Adolescente, a partir da realização do IX Encontro de Articulação do Conanda com os Conselhos Estaduais, Distrital e Municipais das Capitais dos Direitos da Criança e do Adolescente com os Conselhos Tutelares e da Oficina com os Juízes da Infância e Adolescência.;345267;334235;11032
1464;PR;CURITIBA;4106902;22000;MINISTÉRIO DA AGRICULTURA,PECUARIA E ABASTECIMENTO;Organização da Sociedade Civil;95/2008;9;9;2008;09/09/2008;22000;MINISTÉRIO DA AGRICULTURA,PECUARIA E ABASTECIMENTO;CONVENIO;110266000197;ASSOCIACAO DOS ENGENHEIROS AGRONOMOS DO PARANA - CURITIBA;82210050;RUA PROFESSOR NILO BRANDÃO, 551. - SÃO LOURENÇO. CURITIBA - PR. CEP: 82210-050;SÃO LOURENÇO;BANCO DO BRASIL SA;Cadastrada;Não Cadastrado;Proposta/Plano de Trabalho Cadastrados;01/08/2008;14/11/2008;Apoiar a realização do Seminário Estadual de Agricultura e Meio Ambiente: Políticas Públicas para um Paraná Melhor, Simpósio Nacional sobre Agronegócio e Segurança Alimentar, que ocorrerá durante o evento ANB  Agronegócio Brasil, entre os dias 29 de outubro a 01 de novembro de 2008.;39000;35000;4000
1465;SE;PORTO DA FOLHA;2805604;20000;PRESIDENCIA DA REPÚBLICA;Administração Pública Municipal;96/2008;9;9;2008;09/09/2008;20101;PRESIDÊNCIA DA REPÚBLICA;CONVENIO;13131982000100;MUNICIPIO DE PORTO DA FOLHA;49800000;PRACA PADRE MANOEL JOSE DE OLIVEIRA, 851 - CENTRO. PORTO DA FOLHA - SE. CEP: 49800-000;CENTRO;BANCO DO BRASIL SA;Cadastrada;Não Cadastrado;Proposta/Plano de Trabalho Aprovados;09/12/2008;09/12/2009;Disponibilizar de forma gratuita e irrestrita a população de Porto da Folha, em especial a população indígena, aos quilombolas, aos militantes do movimento dos trabalhadores rurais sem terra, as jovens adolescentes que engravidam prematuramente, educação, formação e assessoria jurídica e social no que diz respeito a direitos humanos, bem como toda assistência necessária para a emissão de documentação civil.;103093;100000;3093
1466;DF;BRASILIA;5300108;20000;PRESIDENCIA DA REPÚBLICA;Organização da Sociedade Civil;97/2008;9;9;2008;09/09/2008;20101;PRESIDÊNCIA DA REPÚBLICA;CONVENIO;5305331000153;NUCLEO DE ATENCAO SOCIAL A CIDADANIA E EDUCACAO-NASCE;71615160;SHIS QI 05 CONJ. 16 CASA 16 - LAGO  SUL. BRASILIA - DF. CEP: 71615-160;LAGO  SUL;BANCO DO BRASIL SA;Cadastrada;Não Cadastrado;Proposta/Plano de Trabalho Cadastrados;15/09/2008;30/03/2009;Contribuir na qualificação, interação e articulação dos Conselhos Estaduais, Municipais e Tutelares, dentro do processo de implementação e consolidação do Estatuto da Criança e do Adolescente, a partir da realização do IX Encontro de Articulação do Conanda com os Conselhos Estaduais, Distrital e Municipais das Capitais dos Direitos da Criança e do Adolescente com os Conselhos Tutelares e da Oficina com os Juízes da Infância e Adolescência.;344593;334235;10358
1467;PR;CORNELIO PROCOPIO;4106407;24000;MINISTÉRIO DA CIÊNCIA, TECNOLOGIA, INOVAÇÕES E COMUNICAÇÕES;Administração Pública Municipal;98/2008;9;9;2008;09/09/2008;24000;MINISTÉRIO DA CIÊNCIA, TECNOLOGIA, INOVAÇÕES E COMUNICAÇÕES;CONVENIO;76331941000170;MUNICIPIO DE CORNELIO PROCOPIO;86300000;AVENIDA MINAS GERAIS, 301 - CENTRO. CORNELIO PROCOPIO - PR. CEP: 86300-000;CENTRO;BANCO DO BRASIL SA;Cadastrada;Não Cadastrado;Proposta/Plano de Trabalho em Análise;01/12/2008;30/06/2009;Organização de grupos de produtores de bens e serviços do segmento informal, com aplicação de técnicas e metodologias produtivas e de mercado, visando a formalização do empreendimento e consolidação no mercado.;220000;200000;20000
1468;BA;GUAJERU;2911659;44000;MINISTERIO DO MEIO AMBIENTE;Administração Pública Municipal;99/2008;9;9;2008;09/09/2008;44000;MINISTERIO DO MEIO AMBIENTE;CONVENIO;13284658000114;MUNICIPIO DE GUAJERU;46205000;PRACA ANTONIO C MAGALHAES, 05, CASA - CENTRO. GUAJERU - BA. CEP: 46205-000;CENTRO;BANCO DO BRASIL SA;Cadastrada;Não Cadastrado;Proposta/Plano de Trabalho Cadastrados;12/10/2008;22/12/2008;Construção de aterro sanitário;154500;150000;4500
1469;RJ;RIO DE JANEIRO;3304557;54000;MINISTERIO DO TURISMO;Organização da Sociedade Civil;100/2008;9;9;2008;09/09/2008;54000;MINISTERIO DO TURISMO;CONVENIO;5941557000140;DOE SEU LIXO;20220280;RUA PEDRO ALVES,240-SANTO CRISTO,RIO DE JANEIRO,RJ,CEP 20.220-280 - SANTO CRISTO. RIO DE JANEIRO - RJ. CEP: 20220-280;SANTO CRISTO;CAIXA ECONOMICA FEDERAL;Cadastrada;Não Cadastrado;Proposta/Plano de Trabalho Cadastrados;29/09/2008;22/11/2008;Trata-se do primeiro show pago com lixo reciclável no mundo que será realizado no dia 21/11/2008 na praça da apoteose no Rio de Janeiro. A realização deste projeto, pela ousadia e pioneirismo da sua proposta, colocará o Brasil na lista do Guiness Book como o país que realizou o primeiro  evento de música, cujo ingresso foi através de lixo reciclável. O lixo, antes desvalorizado e considerado apenas como entulho, por meio do nosso trabalho, se transformou em recurso valioso. Deste modo, é com e através do lixo que intencionamos mobilizar o maior número de pessoas, num evento de repercussão sem igual que beneficiará a todos que dele participem, inclusive a imagem do Brasil perante o mundo.;672000;600000;72000
1470;BA;MATA DE SAO JOAO;2921005;54000;MINISTERIO DO TURISMO;Administração Pública Municipal;101/2008;10;9;2008;10/09/2008;54000;MINISTERIO DO TURISMO;CONTRATO DE REPASSE;13805528000180;MUNICIPIO DE MATA DE SAO JOAO;48280000;RUA LUIZ ANTONIO GARCEZ, S/N - CENTRO. MATA DE SAO JOAO - BA. CEP: 48280-000;CENTRO;BANCO DO BRASIL SA;Cadastrada;Não Cadastrado;Proposta/Plano de Trabalho em Análise;01/11/2008;30/11/2009;Contrução de 20 barracas de praia e um módulo com 05 banheiros, sendo dois masculinos, dois femininos e um para pessoas portadoras de necessidades espeiciais.;1000000;900000;100000
1475;RS;SAO PAULO DAS MISSOES;4319307;54000;MINISTERIO DO TURISMO;Administração Pública Municipal;103/2008;10;9;2008;10/09/2008;54000;MINISTERIO DO TURISMO;CONVENIO;87613642000144;MUNICIPIO DE SAO PAULO DAS MISSOES;97980000;RUA INDEPENDENCIA, 536 - CENTRO. SAO PAULO DAS MISSOES - RS. CEP: 97980-000;CENTRO;BANCO DO BRASIL SA;Cadastrada;Não Cadastrado;Proposta/Plano de Trabalho Cadastrados;10/09/2008;31/12/2008;Recuperação do Pavimento Asfáltico  que liga a cidade de São Paulo das Missões às RS  307 e 168.;204702;184202;20500
1476;TO;PALMAS;1721000;54000;MINISTERIO DO TURISMO;Administração Pública Estadual ou do Distrito Federal;104/2008;10;9;2008;10/09/2008;54000;MINISTERIO DO TURISMO;CONVENIO;7817993000138;SECRETARIA DO DESENVOLVIMENTO ECONOMICO, CIENCIA, TECNOLOGIA, TURISMO E CULTURA;77001002;ESPLANADA ESPLANADA  DAS SECRETARIAS PRACA DOS GIRASSOIS - AANE, S/N - CENTRO. PALMAS - TO. CEP: 77001-002;CENTRO;BANCO DO BRASIL SA;Cadastrada;Não Cadastrado;Proposta/Plano de Trabalho Cadastrados;13/10/2008;31/12/2009;Elaboração e produção de campanha publicitária de promoção e divulgação do turismo do estado do Tocantins.;222222,22;185185,19;37037,03
1477;RS;SAO PAULO DAS MISSOES;4319307;54000;MINISTERIO DO TURISMO;Administração Pública Municipal;105/2008;10;9;2008;10/09/2008;54000;MINISTERIO DO TURISMO;CONVENIO;87613642000144;MUNICIPIO DE SAO PAULO DAS MISSOES;97980000;RUA INDEPENDENCIA, 536 - CENTRO. SAO PAULO DAS MISSOES - RS. CEP: 97980-000;CENTRO;BANCO DO BRASIL SA;Cadastrada;Não Cadastrado;Proposta/Plano de Trabalho Cadastrados;10/09/2008;31/12/2008;Construção de um Pavilhão para a realização de eventos.;412110,51;370899,46;41211,05
1483;PR;CURITIBA;4106902;53000;MINISTERIO DA INTEGRACAO NACIONAL;Organização da Sociedade Civil;106/2008;10;9;2008;10/09/2008;22203;COMPANHIA DE DESENV. DO VALE DO SAO FRANCISCO;CONVENIO;1146526000147;IPD-INSTITUTO DE PROMOCAO DO DESENVOLVIMENTO;80210350;Rua Dr. Correa Coelho, 767 - Jardim Botânico. CURITIBA - PR. CEP: 80210-350;Jardim Botânico;CAIXA ECONOMICA FEDERAL;Registrada;Não Cadastrado;Proposta/Plano de Trabalho Aprovados;06/02/2009;14/02/2011;"IDENTIFICAÇÃO DO OBJETO  1 - OBJETIVO GERAL  DESENVOLVER consultoria comercial para simultaneamente gerar Planos de Negócios nos processos de inclusão mercadológica dos Agricultores Familiares do perímetro irrigado do Jaíba I.  2 - OBJETIVOS ESPECÍFICOS  3.1.2 - OBJETIVOS ESPECÍFICOS  DESENVOLVER consultoria comercial para simultaneamente gerar Planos de Negócios e Capacitação-Seleção nos processos de inclusão mercadológica dos Agricultores Familiares do perímetro irrigado do Jaíba I.  CONTRIBUIR com os planos de metas de comercialização de produtos do Projeto Jaíba I por meio da Assessoria Comercial à Agricultores Familiares e suas representações.  CONTEXTUALIZAR a importância dos investimentos em relação a projetos como o do Jaíba I, tendo em vista as tendências dos cenários em pauta (crises de água, energia, abastecimento, sanidade e certificações); e  PROMOVER uma dinâmica de interlocução entre os diferentes parceiros envolvidos no Projeto Jaíba I com base nos princípios do Planejamento Estratégico Participativo, visando a vivência de empoderamento e governança.";587541,1;568584,58;18956,52
1484;BA;SALVADOR;2927408;51000;MINISTERIO DO ESPORTE;Administração Pública Municipal;107/2008;10;9;2008;10/09/2008;51000;MINISTERIO DO ESPORTE;CONVENIO;13927801000149;MUNICIPIO DE SALVADOR;40020010;PRACA THOME DE SOUZA, SN - CENTRO. SALVADOR - BA. CEP: 40020-010;CENTRO;BANCO DO BRASIL SA;Cadastrada;Não Cadastrado;Proposta/Plano de Trabalho Cadastrados;03/11/2008;03/11/2009;"Esse Projeto de Esporte e Lazer na Comunidade (PELC), tem como finalidade o funcionamento de 04 (quatro) núcleos de esporte recreativo e de lazer, indicado para o atendimento de jovens e adultos na faixa etária entre 17 e 29 anos.  Esses núcleos estão localizados em 04 (quatro) bairro  s da cidade do Salvador-BA.     O Programa tem o compromisso de assegurar o lazer como um direito social, apresentando uma perspectiva de projeto integrado, visando atingir 40  0 inscrições em cada um desses quatro núcleos de trabalho.   Cada núcleo é formado por:    - 01  coordenador;  - 06 agentes de esporte e lazer, que oferecem atividades sistemáticas às comunidades, além de prever um evento mensal.    As atividades acontecem nas praças, quadras esportivas, associações de bairros, e escolas municipais. A entidade de controle social desse projeto é representada pela Secretaria Municipal de Esporte e Lazer.";331945;298750,5;33194,5
1485;BA;SALVADOR;2927408;51000;MINISTERIO DO ESPORTE;Administração Pública Municipal;108/2008;10;9;2008;10/09/2008;51000;MINISTERIO DO ESPORTE;CONVENIO;13927801000149;MUNICIPIO DE SALVADOR;40020010;PRACA THOME DE SOUZA, SN - CENTRO. SALVADOR - BA. CEP: 40020-010;CENTRO;CAIXA ECONOMICA FEDERAL;Cadastrada;Não Cadastrado;Proposta/Plano de Trabalho Cadastrados;03/11/2008;03/11/2009;"Esse Projeto de Esporte e Lazer na Comunidade (PELC), tem como finalidade o funcionamento de 04 (quatro) núcleos de esporte recreativo e de lazer, indicado para o atendimento de jovens e adultos na faixa etária entre 17 e 29 anos.  Esses núcleos estão localizados em 04 (quatro) bairros da cidade do Salvador-BA, escolhidos de forma intencional, por estarem localizados estrategicamente no entorno de ambientes que possuem significativos índices de vi  olência:     a) Núcleo 01   BEIRU-TANCREDO NEVES;  b) Núcleo 02  PIRAJÁ;  c) Núcleo 03  PARIPE;  d) Núcleo 04   ALAGADOS.       O Programa tem o compromisso de assegurar o lazer como um direito social, apresentando uma perspectiva de projeto integrado, visando atingir 400 inscrições em cada um desses quatro núcleos de trabalho.   Cada núcleo é formado por:    - 01  coordenador;  - 06 agentes de esporte e lazer, que oferecem atividades sistemáticas às comunidades, além de prever um evento mensal.    As atividades acontecem nas praças, quadras esportivas, associações de bairros, e escolas municipais. A entidade de controle social desse projeto é representada pela Secretaria Municipal de Esporte e Lazer.";331945;298750,5;33194,5
1486;BA;SALVADOR;2927408;51000;MINISTERIO DO ESPORTE;Administração Pública Municipal;109/2008;10;9;2008;10/09/2008;51000;MINISTERIO DO ESPORTE;CONVENIO;13927801000149;MUNICIPIO DE SALVADOR;40020010;PRACA THOME DE SOUZA, SN - CENTRO. SALVADOR - BA. CEP: 40020-010;CENTRO;CAIXA ECONOMICA FEDERAL;Cadastrada;Não Cadastrado;Proposta/Plano de Trabalho Cadastrados;03/11/2008;03/11/2009;"Esse Projeto de Esporte e Lazer na Comunidade (PELC), tem como finalidade o funcionamento de 04 (quatro) núcleos de esporte recreativo e de lazer, indicado para o atendimento de jovens e adultos na faixa etária entre 17 e 29 anos.  Esses núcleos estão localizados em 04 (quatro) bairros da cidade do Salvador-BA, assim distribuídos:    a) Núcleo 01   BEIRU-TANCREDO NEVES;  b) Núcleo 02  PIRAJÁ;  c) Núcleo 03  PARIPE;  d) Núcleo 04   ALAGADOS.     O Programa tem o compromisso de assegurar o lazer como um direito social, apresentando uma perspectiva de projeto integrado, visando atingir 400 inscrições em cada um desses quatro núcleos de trabalho.   Cada núcleo é formado por:  - 01  coordenador;  - 06 agentes de esporte e lazer, que oferecem atividades sistemáticas às comunidades, além de prever um evento mensal.  As atividades acontecem nas praças, quadras esportivas, associações de bairros, e escolas municipais. A entidade de controle social desse projeto é representada pela Secretaria Municipal de Esporte e Lazer.";331945;298750,5;33194,5
1487;PR;SANTA TEREZINHA DE ITAIPU;4124053;22000;MINISTÉRIO DA AGRICULTURA,PECUARIA E ABASTECIMENTO;Administração Pública Municipal;110/2008;10;9;2008;10/09/2008;22000;MINISTÉRIO DA AGRICULTURA,PECUARIA E ABASTECIMENTO;CONTRATO DE REPASSE;75425314000135;MUNICIPIO DE SANTA TEREZINHA DE ITAIPU;85875000;RUA JOAO XXIII, 144 - CENTRO. SANTA TEREZINHA DE ITAIPU - PR. CEP: 85875-000;CENTRO;BANCO DO BRASIL SA;Cadastrada;Não Cadastrado;Proposta/Plano de Trabalho Cadastrados;20/10/2008;09/02/2009;Aquisição de implementos agrícolas para suprir a deficiência apresentada no setor agropecuário do Município de Santa Terezinha de Itaipu.;223485;216780,45;6704,55
